{"type":"FeatureCollection","features":[{"type":"Feature","properties":{"name":"Sikkim"},"geometry":{"type":"Polygon","coordinates":[[[88.891,27.316],[88.882,27.297],[88.76,27.218],[88.739,27.176],[88.756,27.149],[88.664,27.173],[88.518,27.176],[88.448,27.114],[88.357,27.085],[88.233,27.137],[88.118,27.138],[88.001,27.248],[88.024,27.409],[88.068,27.567],[88.106,27.642],[88.147,27.749],[88.154,27.799],[88.15,27.843],[88.11,27.871],[88.099,27.905],[88.109,27.933],[88.141,27.949],[88.275,27.969],[88.426,28.012],[88.486,28.034],[88.532,28.057],[88.578,28.093],[88.621,28.092],[88.756,28.04],[88.804,28.007],[88.829,27.907],[88.849,27.869],[88.83,27.767],[88.749,27.522],[88.765,27.43],[88.833,27.363],[88.891,27.316]]]}},{"type":"Feature","properties":{"name":"Telangana"},"geometry":{"type":"Polygon","coordinates":[[[77.446,15.953],[77.484,16.002],[77.491,16.262],[77.533,16.361],[77.294,16.407],[77.257,16.449],[77.371,16.524],[77.432,16.594],[77.411,16.721],[77.433,16.935],[77.465,17.043],[77.374,17.223],[77.599,17.487],[77.583,17.579],[77.493,17.578],[77.412,17.631],[77.464,17.713],[77.525,17.746],[77.5,17.812],[77.62,17.926],[77.621,17.987],[77.563,18.071],[77.6,18.115],[77.551,18.308],[77.503,18.382],[77.592,18.548],[77.68,18.57],[77.703,18.669],[77.781,18.704],[77.839,18.81],[77.912,18.835],[77.752,19.046],[77.834,19.121],[77.855,19.228],[77.92,19.332],[77.992,19.323],[78.064,19.264],[78.168,19.264],[78.174,19.375],[78.24,19.46],[78.303,19.483],[78.333,19.643],[78.384,19.685],[78.322,19.863],[78.383,19.866],[78.478,19.799],[78.534,19.825],[78.712,19.774],[78.78,19.777],[78.848,19.725],[78.873,19.65],[79.024,19.542],[79.059,19.547],[79.198,19.462],[79.266,19.59],[79.42,19.536],[79.539,19.534],[79.735,19.603],[79.796,19.594],[79.865,19.509],[79.931,19.483],[79.965,19.402],[79.931,19.212],[79.944,19.169],[79.862,19.081],[79.934,19.053],[79.96,18.867],[80.002,18.786],[80.091,18.697],[80.27,18.714],[80.32,18.642],[80.409,18.589],[80.503,18.6],[80.583,18.541],[80.696,18.412],[80.772,18.233],[80.852,18.196],[80.938,18.086],[80.979,17.964],[80.986,17.84],[81.045,17.776],[81.148,17.837],[81.245,17.804],[81.394,17.807],[81.578,17.797],[81.759,17.909],[81.776,17.833],[81.629,17.763],[81.535,17.638],[81.47,17.42],[81.408,17.371],[81.214,17.324],[81.144,17.25],[80.99,17.218],[80.893,17.156],[80.83,17.046],[80.67,17.08],[80.591,17.14],[80.502,17.108],[80.384,16.976],[80.474,16.937],[80.586,16.934],[80.506,16.792],[80.351,16.862],[80.281,16.997],[80.22,17.033],[80.078,16.973],[80.002,16.871],[80.073,16.823],[80.043,16.739],[79.958,16.63],[79.882,16.703],[79.752,16.724],[79.721,16.689],[79.504,16.642],[79.406,16.587],[79.266,16.57],[79.213,16.493],[79.233,16.331],[79.215,16.244],[79.161,16.219],[79.022,16.247],[78.839,16.125],[78.839,16.067],[78.734,16.03],[78.5,16.094],[78.4,16.083],[78.256,16.006],[78.235,15.95],[78.087,15.833],[77.888,15.919],[77.85,15.894],[77.641,15.901],[77.446,15.953]]]}},{"type":"Feature","properties":{"name":"Ladakh"},"geometry":{"type":"Polygon","coordinates":[[[73.542,35.541],[73.538,35.541],[73.529,35.541],[73.514,35.542],[73.5,35.543],[73.482,35.541],[73.472,35.538],[73.445,35.53],[73.43,35.528],[73.42,35.525],[73.418,35.525],[73.405,35.529],[73.405,35.53],[73.401,35.536],[73.402,35.541],[73.402,35.548],[73.402,35.549],[73.402,35.555],[73.401,35.568],[73.398,35.577],[73.395,35.587],[73.385,35.593],[73.376,35.597],[73.364,35.6],[73.361,35.604],[73.356,35.609],[73.353,35.622],[73.349,35.63],[73.346,35.633],[73.338,35.643],[73.335,35.649],[73.333,35.654],[73.331,35.663],[73.325,35.664],[73.324,35.664],[73.32,35.663],[73.312,35.661],[73.297,35.662],[73.291,35.671],[73.275,35.669],[73.266,35.667],[73.264,35.666],[73.253,35.662],[73.248,35.66],[73.24,35.658],[73.24,35.659],[73.236,35.668],[73.219,35.669],[73.217,35.669],[73.203,35.674],[73.192,35.677],[73.183,35.69],[73.162,35.703],[73.149,35.713],[73.135,35.715],[73.128,35.72],[73.126,35.721],[73.118,35.735],[73.115,35.739],[73.115,35.74],[73.113,35.743],[73.11,35.749],[73.112,35.759],[73.118,35.763],[73.12,35.765],[73.13,35.765],[73.141,35.765],[73.147,35.764],[73.158,35.762],[73.164,35.765],[73.168,35.767],[73.174,35.773],[73.176,35.776],[73.182,35.781],[73.185,35.783],[73.188,35.785],[73.2,35.787],[73.198,35.801],[73.197,35.808],[73.199,35.811],[73.201,35.817],[73.202,35.817],[73.201,35.818],[73.2,35.827],[73.198,35.831],[73.194,35.836],[73.193,35.838],[73.19,35.846],[73.178,35.86],[73.169,35.858],[73.161,35.85],[73.15,35.844],[73.134,35.845],[73.129,35.846],[73.116,35.854],[73.114,35.855],[73.103,35.864],[73.092,35.876],[73.087,35.873],[73.076,35.863],[73.073,35.861],[73.067,35.862],[73.062,35.862],[73.056,35.862],[73.054,35.859],[73.053,35.858],[73.048,35.85],[73.035,35.849],[73.032,35.847],[73.026,35.842],[73.016,35.846],[73.015,35.849],[73.011,35.855],[73.003,35.86],[72.999,35.863],[72.991,35.862],[72.982,35.861],[72.976,35.855],[72.968,35.852],[72.96,35.849],[72.947,35.849],[72.938,35.846],[72.925,35.842],[72.904,35.842],[72.892,35.85],[72.891,35.853],[72.891,35.855],[72.896,35.866],[72.891,35.877],[72.874,35.876],[72.837,35.873],[72.827,35.879],[72.82,35.887],[72.819,35.888],[72.818,35.885],[72.812,35.874],[72.811,35.87],[72.809,35.862],[72.797,35.866],[72.796,35.865],[72.792,35.86],[72.79,35.852],[72.789,35.85],[72.787,35.853],[72.786,35.85],[72.786,35.848],[72.784,35.848],[72.777,35.846],[72.772,35.844],[72.767,35.843],[72.761,35.841],[72.76,35.841],[72.757,35.84],[72.753,35.839],[72.744,35.836],[72.738,35.835],[72.732,35.833],[72.725,35.831],[72.723,35.83],[72.719,35.829],[72.718,35.829],[72.717,35.829],[72.716,35.829],[72.713,35.828],[72.705,35.826],[72.698,35.824],[72.692,35.823],[72.683,35.82],[72.677,35.821],[72.674,35.822],[72.67,35.822],[72.661,35.826],[72.655,35.829],[72.648,35.832],[72.642,35.834],[72.634,35.837],[72.627,35.839],[72.611,35.844],[72.6,35.844],[72.596,35.845],[72.595,35.845],[72.592,35.845],[72.58,35.846],[72.569,35.852],[72.568,35.852],[72.565,35.859],[72.564,35.862],[72.564,35.863],[72.563,35.863],[72.56,35.868],[72.557,35.873],[72.552,35.88],[72.548,35.883],[72.544,35.886],[72.542,35.888],[72.538,35.891],[72.535,35.892],[72.533,35.895],[72.53,35.896],[72.528,35.898],[72.524,35.899],[72.522,35.9],[72.518,35.901],[72.515,35.902],[72.512,35.902],[72.511,35.902],[72.51,35.902],[72.518,35.924],[72.525,35.934],[72.533,35.945],[72.535,35.948],[72.55,35.972],[72.551,35.977],[72.558,35.997],[72.567,36.01],[72.568,36.012],[72.566,36.029],[72.554,36.043],[72.543,36.048],[72.542,36.049],[72.531,36.059],[72.53,36.06],[72.53,36.061],[72.521,36.079],[72.522,36.094],[72.523,36.109],[72.524,36.112],[72.532,36.125],[72.54,36.136],[72.543,36.149],[72.543,36.16],[72.543,36.165],[72.543,36.176],[72.542,36.182],[72.541,36.19],[72.54,36.191],[72.54,36.192],[72.541,36.199],[72.542,36.206],[72.542,36.207],[72.542,36.208],[72.549,36.233],[72.57,36.254],[72.572,36.256],[72.592,36.269],[72.594,36.27],[72.622,36.269],[72.652,36.264],[72.653,36.264],[72.659,36.265],[72.668,36.266],[72.67,36.267],[72.686,36.276],[72.694,36.287],[72.7,36.293],[72.707,36.301],[72.708,36.301],[72.711,36.304],[72.722,36.313],[72.728,36.315],[72.739,36.319],[72.744,36.32],[72.75,36.323],[72.759,36.327],[72.794,36.35],[72.818,36.365],[72.848,36.376],[72.857,36.388],[72.861,36.404],[72.863,36.433],[72.871,36.452],[72.888,36.463],[72.924,36.474],[72.938,36.473],[72.959,36.473],[72.964,36.475],[72.967,36.477],[72.966,36.495],[72.968,36.501],[72.97,36.509],[72.979,36.51],[73.01,36.524],[73.031,36.538],[73.041,36.548],[73.043,36.552],[73.049,36.562],[73.051,36.571],[73.055,36.587],[73.073,36.607],[73.075,36.609],[73.071,36.624],[73.058,36.646],[73.049,36.673],[73.049,36.679],[73.049,36.685],[73.062,36.697],[73.081,36.699],[73.108,36.705],[73.125,36.711],[73.152,36.73],[73.165,36.729],[73.18,36.726],[73.194,36.724],[73.214,36.718],[73.24,36.717],[73.268,36.721],[73.293,36.729],[73.327,36.74],[73.355,36.753],[73.374,36.758],[73.409,36.759],[73.43,36.751],[73.449,36.741],[73.476,36.734],[73.507,36.73],[73.536,36.731],[73.569,36.736],[73.579,36.719],[73.604,36.71],[73.607,36.71],[73.657,36.707],[73.673,36.71],[73.687,36.723],[73.688,36.723],[73.705,36.725],[73.715,36.725],[73.734,36.719],[73.753,36.724],[73.775,36.728],[73.79,36.725],[73.81,36.716],[73.834,36.71],[73.844,36.714],[73.852,36.718],[73.859,36.723],[73.861,36.725],[73.867,36.739],[73.868,36.755],[73.862,36.764],[73.857,36.78],[73.839,36.801],[73.827,36.808],[73.805,36.808],[73.793,36.812],[73.791,36.823],[73.785,36.835],[73.766,36.84],[73.748,36.842],[73.721,36.842],[73.697,36.855],[73.684,36.866],[73.676,36.881],[73.663,36.896],[73.655,36.909],[73.651,36.915],[73.651,36.916],[73.67,36.922],[73.7,36.92],[73.729,36.91],[73.755,36.913],[73.77,36.91],[73.776,36.909],[73.801,36.9],[73.842,36.907],[73.879,36.894],[73.89,36.886],[73.911,36.889],[73.946,36.869],[73.975,36.841],[74.002,36.841],[74.022,36.841],[74.041,36.834],[74.046,36.836],[74.064,36.84],[74.085,36.852],[74.115,36.852],[74.13,36.857],[74.136,36.886],[74.151,36.918],[74.218,36.914],[74.243,36.905],[74.277,36.915],[74.324,36.945],[74.358,36.975],[74.383,36.984],[74.406,36.989],[74.424,37.007],[74.501,37.009],[74.522,37.006],[74.532,36.999],[74.537,36.977],[74.548,36.968],[74.563,36.971],[74.576,37.004],[74.573,37.039],[74.601,37.05],[74.623,37.059],[74.631,37.075],[74.672,37.086],[74.689,37.096],[74.704,37.098],[74.717,37.075],[74.72,37.052],[74.735,37.038],[74.781,37.034],[74.791,37.038],[74.794,37.057],[74.812,37.065],[74.841,37.066],[74.846,37.053],[74.846,37.039],[74.843,37.024],[74.861,37.008],[74.87,36.998],[74.888,36.964],[74.894,36.95],[74.902,36.941],[74.922,36.944],[74.924,36.95],[74.939,36.948],[74.939,36.959],[74.923,36.983],[74.937,36.992],[74.96,36.996],[74.979,37.004],[74.994,37.001],[74.997,37.001],[75.016,37.011],[75.033,37.026],[75.036,37.025],[75.051,37.023],[75.064,37.013],[75.085,37.015],[75.106,37.017],[75.131,37.021],[75.138,37.03],[75.146,37.034],[75.159,37.03],[75.171,37.023],[75.169,36.999],[75.183,36.991],[75.201,36.985],[75.219,36.981],[75.229,36.976],[75.241,36.972],[75.26,36.974],[75.282,36.983],[75.313,36.98],[75.34,36.972],[75.358,36.969],[75.361,36.969],[75.378,36.965],[75.394,36.965],[75.406,36.965],[75.418,36.959],[75.419,36.945],[75.401,36.938],[75.394,36.928],[75.398,36.909],[75.423,36.896],[75.433,36.876],[75.432,36.85],[75.426,36.828],[75.424,36.801],[75.426,36.784],[75.447,36.748],[75.46,36.73],[75.461,36.73],[75.478,36.73],[75.491,36.746],[75.504,36.749],[75.515,36.734],[75.534,36.734],[75.536,36.749],[75.535,36.774],[75.54,36.78],[75.557,36.778],[75.571,36.78],[75.586,36.772],[75.61,36.776],[75.633,36.78],[75.677,36.771],[75.704,36.756],[75.719,36.755],[75.736,36.753],[75.759,36.739],[75.781,36.725],[75.811,36.708],[75.847,36.686],[75.867,36.67],[75.898,36.639],[75.91,36.633],[75.941,36.606],[75.934,36.59],[75.936,36.576],[75.943,36.566],[75.951,36.557],[75.96,36.539],[75.969,36.522],[75.983,36.512],[75.998,36.501],[75.998,36.489],[76.008,36.48],[76.014,36.466],[76.014,36.455],[76.028,36.44],[76.149,36.425],[76.239,36.32],[76.319,36.33],[76.389,36.31],[76.429,36.24],[76.469,36.22],[76.568,36.19],[76.669,36.19],[76.719,36.16],[76.759,36.11],[76.779,36.04],[76.779,35.98],[76.779,35.91],[76.839,35.86],[76.939,35.84],[77.009,35.82],[77.069,35.78],[77.09,35.74],[77.129,35.73],[77.209,35.71],[77.309,35.72],[77.349,35.72],[77.421,35.64],[77.469,35.652],[77.509,35.58],[77.519,35.486],[77.519,35.487],[77.52,35.487],[77.521,35.487],[77.521,35.486],[77.522,35.486],[77.523,35.485],[77.526,35.485],[77.527,35.485],[77.528,35.485],[77.529,35.485],[77.53,35.486],[77.531,35.486],[77.531,35.487],[77.532,35.487],[77.533,35.488],[77.534,35.488],[77.534,35.489],[77.535,35.488],[77.536,35.489],[77.537,35.488],[77.538,35.488],[77.539,35.488],[77.54,35.487],[77.541,35.487],[77.541,35.486],[77.542,35.485],[77.542,35.484],[77.543,35.484],[77.544,35.484],[77.545,35.483],[77.546,35.484],[77.547,35.484],[77.548,35.484],[77.549,35.484],[77.55,35.484],[77.551,35.484],[77.552,35.484],[77.553,35.485],[77.554,35.485],[77.555,35.486],[77.556,35.486],[77.557,35.487],[77.558,35.488],[77.559,35.488],[77.56,35.487],[77.561,35.487],[77.562,35.486],[77.563,35.486],[77.564,35.486],[77.565,35.486],[77.566,35.486],[77.567,35.485],[77.568,35.485],[77.569,35.484],[77.57,35.484],[77.572,35.484],[77.573,35.483],[77.574,35.483],[77.575,35.482],[77.577,35.481],[77.579,35.481],[77.581,35.48],[77.583,35.48],[77.582,35.478],[77.586,35.478],[77.584,35.468],[77.586,35.468],[77.587,35.467],[77.588,35.467],[77.59,35.467],[77.591,35.466],[77.593,35.467],[77.594,35.467],[77.594,35.468],[77.595,35.469],[77.596,35.469],[77.597,35.47],[77.598,35.47],[77.599,35.47],[77.6,35.47],[77.601,35.47],[77.602,35.47],[77.603,35.471],[77.604,35.472],[77.605,35.473],[77.607,35.472],[77.609,35.472],[77.61,35.472],[77.612,35.471],[77.613,35.471],[77.614,35.47],[77.615,35.47],[77.616,35.47],[77.617,35.469],[77.618,35.468],[77.619,35.468],[77.62,35.467],[77.621,35.467],[77.622,35.466],[77.623,35.466],[77.624,35.466],[77.625,35.465],[77.625,35.464],[77.626,35.464],[77.627,35.464],[77.628,35.463],[77.63,35.462],[77.63,35.463],[77.631,35.463],[77.632,35.463],[77.633,35.463],[77.634,35.464],[77.635,35.464],[77.636,35.465],[77.637,35.465],[77.638,35.466],[77.639,35.474],[77.638,35.475],[77.638,35.476],[77.638,35.477],[77.638,35.479],[77.638,35.48],[77.638,35.481],[77.639,35.482],[77.639,35.483],[77.638,35.484],[77.639,35.484],[77.64,35.484],[77.641,35.484],[77.642,35.484],[77.643,35.484],[77.644,35.485],[77.645,35.485],[77.646,35.485],[77.647,35.485],[77.648,35.485],[77.648,35.484],[77.649,35.485],[77.65,35.486],[77.651,35.487],[77.652,35.487],[77.653,35.486],[77.654,35.486],[77.655,35.485],[77.656,35.484],[77.656,35.483],[77.657,35.483],[77.661,35.483],[77.665,35.474],[77.666,35.473],[77.666,35.472],[77.667,35.472],[77.667,35.471],[77.668,35.47],[77.669,35.469],[77.67,35.469],[77.671,35.468],[77.671,35.467],[77.672,35.467],[77.673,35.466],[77.675,35.466],[77.676,35.465],[77.677,35.465],[77.678,35.464],[77.679,35.463],[77.68,35.462],[77.681,35.46],[77.682,35.459],[77.683,35.458],[77.684,35.458],[77.684,35.457],[77.685,35.457],[77.686,35.456],[77.686,35.455],[77.686,35.454],[77.687,35.454],[77.688,35.453],[77.689,35.454],[77.69,35.455],[77.691,35.456],[77.692,35.456],[77.693,35.456],[77.693,35.457],[77.693,35.458],[77.694,35.459],[77.695,35.46],[77.695,35.461],[77.697,35.463],[77.698,35.463],[77.698,35.464],[77.699,35.464],[77.701,35.464],[77.702,35.464],[77.703,35.464],[77.704,35.464],[77.705,35.464],[77.706,35.463],[77.707,35.463],[77.708,35.462],[77.71,35.462],[77.712,35.462],[77.713,35.462],[77.715,35.462],[77.716,35.462],[77.717,35.462],[77.718,35.462],[77.719,35.462],[77.719,35.463],[77.721,35.466],[77.726,35.471],[77.727,35.473],[77.728,35.474],[77.728,35.475],[77.728,35.476],[77.729,35.477],[77.73,35.477],[77.731,35.478],[77.732,35.479],[77.731,35.479],[77.731,35.48],[77.732,35.481],[77.733,35.481],[77.733,35.482],[77.734,35.483],[77.735,35.484],[77.735,35.485],[77.736,35.487],[77.737,35.487],[77.738,35.488],[77.738,35.489],[77.739,35.49],[77.74,35.491],[77.741,35.493],[77.741,35.494],[77.742,35.495],[77.745,35.496],[77.746,35.496],[77.747,35.496],[77.748,35.497],[77.749,35.497],[77.75,35.497],[77.751,35.497],[77.753,35.497],[77.754,35.498],[77.755,35.497],[77.755,35.498],[77.755,35.499],[77.755,35.5],[77.756,35.501],[77.757,35.502],[77.758,35.502],[77.759,35.503],[77.76,35.503],[77.761,35.502],[77.762,35.502],[77.763,35.502],[77.764,35.502],[77.765,35.501],[77.766,35.501],[77.767,35.501],[77.768,35.5],[77.769,35.5],[77.769,35.499],[77.771,35.499],[77.772,35.499],[77.773,35.499],[77.775,35.499],[77.776,35.498],[77.778,35.498],[77.78,35.498],[77.781,35.499],[77.782,35.5],[77.782,35.501],[77.782,35.502],[77.783,35.503],[77.783,35.504],[77.784,35.504],[77.785,35.504],[77.785,35.505],[77.786,35.506],[77.787,35.506],[77.788,35.506],[77.79,35.506],[77.791,35.507],[77.792,35.508],[77.793,35.509],[77.794,35.509],[77.796,35.509],[77.797,35.509],[77.798,35.509],[77.798,35.51],[77.799,35.51],[77.8,35.512],[77.8,35.513],[77.801,35.514],[77.801,35.515],[77.801,35.517],[77.802,35.517],[77.802,35.518],[77.803,35.519],[77.803,35.52],[77.804,35.52],[77.805,35.52],[77.806,35.521],[77.808,35.521],[77.809,35.521],[77.81,35.522],[77.811,35.522],[77.812,35.522],[77.813,35.522],[77.814,35.522],[77.815,35.522],[77.815,35.521],[77.816,35.521],[77.817,35.519],[77.818,35.519],[77.818,35.518],[77.819,35.518],[77.82,35.518],[77.821,35.517],[77.822,35.516],[77.822,35.515],[77.822,35.514],[77.823,35.514],[77.823,35.513],[77.823,35.512],[77.823,35.511],[77.824,35.511],[77.824,35.51],[77.825,35.51],[77.825,35.509],[77.826,35.509],[77.826,35.508],[77.826,35.507],[77.826,35.506],[77.826,35.505],[77.827,35.505],[77.827,35.504],[77.828,35.504],[77.829,35.504],[77.83,35.503],[77.831,35.504],[77.833,35.504],[77.834,35.504],[77.835,35.504],[77.835,35.505],[77.836,35.505],[77.836,35.504],[77.837,35.504],[77.838,35.504],[77.839,35.504],[77.84,35.504],[77.84,35.503],[77.841,35.503],[77.841,35.502],[77.841,35.501],[77.842,35.501],[77.842,35.5],[77.843,35.5],[77.843,35.499],[77.844,35.499],[77.844,35.498],[77.844,35.497],[77.845,35.496],[77.846,35.496],[77.846,35.495],[77.847,35.495],[77.847,35.494],[77.848,35.494],[77.849,35.494],[77.85,35.493],[77.851,35.492],[77.852,35.492],[77.853,35.491],[77.854,35.491],[77.856,35.493],[77.86,35.5],[77.863,35.5],[77.867,35.498],[77.871,35.496],[77.872,35.494],[77.875,35.492],[77.877,35.491],[77.876,35.487],[77.879,35.483],[77.88,35.482],[77.882,35.48],[77.885,35.479],[77.889,35.48],[77.89,35.478],[77.891,35.477],[77.893,35.475],[77.893,35.474],[77.897,35.474],[77.899,35.472],[77.9,35.468],[77.901,35.466],[77.903,35.465],[77.906,35.465],[77.909,35.463],[77.911,35.462],[77.913,35.464],[77.912,35.465],[77.914,35.469],[77.915,35.471],[77.917,35.472],[77.918,35.474],[77.919,35.477],[77.918,35.478],[77.921,35.482],[77.922,35.482],[77.921,35.484],[77.921,35.485],[77.917,35.488],[77.918,35.491],[77.92,35.493],[77.924,35.497],[77.927,35.502],[77.928,35.504],[77.929,35.506],[77.929,35.508],[77.931,35.511],[77.93,35.512],[77.931,35.514],[77.931,35.516],[77.932,35.517],[77.933,35.519],[77.933,35.521],[77.934,35.522],[77.935,35.524],[77.937,35.525],[77.935,35.527],[77.934,35.528],[77.933,35.528],[77.931,35.528],[77.931,35.531],[77.931,35.533],[77.932,35.535],[77.932,35.536],[77.933,35.538],[77.933,35.539],[77.93,35.54],[77.928,35.541],[77.929,35.544],[77.93,35.546],[77.931,35.548],[77.932,35.551],[77.934,35.553],[77.935,35.555],[77.938,35.559],[77.939,35.559],[77.941,35.559],[77.942,35.558],[77.944,35.557],[77.945,35.556],[77.946,35.555],[77.948,35.552],[77.95,35.552],[77.951,35.552],[77.952,35.553],[77.953,35.554],[77.954,35.554],[77.955,35.554],[77.958,35.556],[77.96,35.559],[77.961,35.561],[77.962,35.562],[77.963,35.563],[77.965,35.565],[77.966,35.566],[77.967,35.568],[77.968,35.568],[77.97,35.568],[77.973,35.569],[77.974,35.569],[77.976,35.57],[77.978,35.572],[77.978,35.571],[77.979,35.57],[77.981,35.568],[77.982,35.567],[77.984,35.566],[77.986,35.565],[77.987,35.564],[77.988,35.563],[77.989,35.562],[77.989,35.561],[77.99,35.561],[77.991,35.56],[77.993,35.56],[77.994,35.56],[77.996,35.559],[77.998,35.56],[78.0,35.563],[78.001,35.564],[78.003,35.567],[78.004,35.568],[78.004,35.569],[78.005,35.569],[78.007,35.569],[78.008,35.569],[78.009,35.57],[78.01,35.57],[78.011,35.571],[78.012,35.571],[78.013,35.571],[78.016,35.57],[78.018,35.568],[78.02,35.567],[78.021,35.564],[78.022,35.564],[78.024,35.566],[78.026,35.567],[78.027,35.568],[78.029,35.569],[78.032,35.572],[78.032,35.574],[78.032,35.575],[78.032,35.576],[78.032,35.577],[78.031,35.577],[78.031,35.579],[78.03,35.58],[78.029,35.58],[78.028,35.581],[78.027,35.582],[78.028,35.583],[78.031,35.584],[78.034,35.584],[78.037,35.585],[78.04,35.587],[78.042,35.586],[78.045,35.585],[78.046,35.583],[78.047,35.582],[78.048,35.58],[78.048,35.578],[78.052,35.577],[78.054,35.576],[78.056,35.575],[78.057,35.573],[78.058,35.572],[78.06,35.573],[78.062,35.573],[78.065,35.573],[78.066,35.572],[78.068,35.57],[78.07,35.568],[78.071,35.566],[78.071,35.565],[78.073,35.564],[78.075,35.562],[78.077,35.56],[78.077,35.559],[78.076,35.557],[78.078,35.554],[78.076,35.553],[78.075,35.551],[78.075,35.55],[78.075,35.549],[78.074,35.547],[78.073,35.544],[78.075,35.543],[78.077,35.542],[78.079,35.541],[78.08,35.54],[78.082,35.54],[78.084,35.54],[78.085,35.54],[78.086,35.539],[78.087,35.537],[78.088,35.536],[78.089,35.534],[78.091,35.533],[78.093,35.536],[78.095,35.539],[78.094,35.54],[78.093,35.541],[78.092,35.542],[78.094,35.545],[78.095,35.547],[78.097,35.549],[78.099,35.552],[78.103,35.556],[78.104,35.555],[78.106,35.555],[78.107,35.554],[78.108,35.553],[78.11,35.551],[78.113,35.55],[78.114,35.55],[78.116,35.551],[78.119,35.552],[78.122,35.55],[78.125,35.548],[78.128,35.546],[78.13,35.546],[78.133,35.546],[78.135,35.547],[78.139,35.55],[78.14,35.549],[78.143,35.548],[78.146,35.55],[78.149,35.551],[78.154,35.551],[78.157,35.551],[78.159,35.553],[78.159,35.555],[78.161,35.56],[78.162,35.563],[78.162,35.569],[78.163,35.574],[78.161,35.575],[78.16,35.578],[78.158,35.582],[78.16,35.585],[78.162,35.588],[78.161,35.59],[78.162,35.593],[78.164,35.596],[78.168,35.598],[78.17,35.598],[78.172,35.598],[78.176,35.597],[78.177,35.599],[78.179,35.6],[78.181,35.601],[78.181,35.602],[78.181,35.605],[78.18,35.607],[78.179,35.608],[78.176,35.609],[78.175,35.612],[78.173,35.617],[78.174,35.618],[78.177,35.621],[78.177,35.623],[78.18,35.627],[78.179,35.629],[78.178,35.63],[78.18,35.634],[78.182,35.635],[78.185,35.637],[78.187,35.638],[78.191,35.638],[78.195,35.639],[78.197,35.64],[78.196,35.642],[78.194,35.643],[78.192,35.646],[78.194,35.648],[78.196,35.65],[78.196,35.652],[78.194,35.653],[78.195,35.655],[78.194,35.658],[78.192,35.66],[78.189,35.662],[78.185,35.664],[78.182,35.667],[78.186,35.675],[78.191,35.674],[78.193,35.673],[78.195,35.671],[78.199,35.67],[78.205,35.669],[78.208,35.668],[78.208,35.67],[78.209,35.674],[78.213,35.676],[78.214,35.678],[78.219,35.68],[78.22,35.68],[78.219,35.685],[78.222,35.687],[78.224,35.689],[78.225,35.692],[78.228,35.695],[78.229,35.698],[78.232,35.7],[78.236,35.703],[78.238,35.705],[78.24,35.706],[78.24,35.71],[78.242,35.712],[78.243,35.716],[78.244,35.725],[78.246,35.726],[78.251,35.728],[78.261,35.726],[78.267,35.726],[78.273,35.726],[78.282,35.724],[78.286,35.726],[78.287,35.727],[78.289,35.727],[78.292,35.725],[78.295,35.724],[78.297,35.725],[78.3,35.726],[78.302,35.727],[78.304,35.727],[78.307,35.726],[78.31,35.723],[78.314,35.722],[78.318,35.721],[78.32,35.721],[78.321,35.724],[78.325,35.724],[78.328,35.723],[78.332,35.722],[78.335,35.721],[78.34,35.72],[78.342,35.72],[78.344,35.721],[78.347,35.723],[78.35,35.723],[78.355,35.723],[78.356,35.723],[78.359,35.724],[78.365,35.725],[78.367,35.726],[78.369,35.728],[78.371,35.729],[78.373,35.729],[78.375,35.728],[78.377,35.728],[78.379,35.729],[78.382,35.729],[78.385,35.728],[78.388,35.727],[78.391,35.729],[78.395,35.731],[78.401,35.731],[78.409,35.731],[78.41,35.732],[78.412,35.735],[78.415,35.738],[78.417,35.742],[78.418,35.747],[78.419,35.752],[78.419,35.756],[78.418,35.759],[78.417,35.761],[78.417,35.762],[78.421,35.767],[78.423,35.769],[78.427,35.771],[78.43,35.771],[78.432,35.772],[78.437,35.777],[78.438,35.78],[78.441,35.781],[78.444,35.78],[78.445,35.779],[78.448,35.779],[78.452,35.779],[78.457,35.777],[78.46,35.775],[78.462,35.772],[78.461,35.769],[78.463,35.764],[78.468,35.764],[78.47,35.765],[78.474,35.768],[78.478,35.769],[78.483,35.767],[78.488,35.768],[78.494,35.769],[78.501,35.771],[78.505,35.771],[78.51,35.77],[78.515,35.77],[78.518,35.765],[78.523,35.763],[78.526,35.762],[78.53,35.763],[78.536,35.763],[78.539,35.767],[78.543,35.77],[78.546,35.771],[78.554,35.772],[78.559,35.773],[78.562,35.775],[78.566,35.781],[78.566,35.783],[78.568,35.785],[78.571,35.786],[78.574,35.787],[78.575,35.792],[78.576,35.795],[78.577,35.797],[78.58,35.799],[78.586,35.802],[78.59,35.803],[78.595,35.806],[78.598,35.807],[78.602,35.811],[78.608,35.815],[78.612,35.815],[78.619,35.816],[78.626,35.815],[78.631,35.814],[78.64,35.817],[78.649,35.819],[78.657,35.822],[78.659,35.825],[78.66,35.829],[78.66,35.832],[78.664,35.835],[78.667,35.839],[78.667,35.843],[78.668,35.846],[78.673,35.852],[78.676,35.853],[78.682,35.851],[78.685,35.85],[78.689,35.851],[78.695,35.85],[78.698,35.853],[78.702,35.857],[78.707,35.857],[78.713,35.857],[78.717,35.858],[78.722,35.863],[78.725,35.863],[78.731,35.862],[78.736,35.861],[78.74,35.861],[78.746,35.859],[78.75,35.86],[78.757,35.863],[78.763,35.863],[78.769,35.863],[78.773,35.864],[78.778,35.866],[78.783,35.867],[78.788,35.868],[78.793,35.869],[78.8,35.87],[78.802,35.873],[78.804,35.877],[78.807,35.879],[78.811,35.88],[78.814,35.886],[78.817,35.89],[78.828,35.909],[78.829,35.912],[78.827,35.92],[78.829,35.924],[78.833,35.929],[78.834,35.934],[78.835,35.938],[78.836,35.942],[78.838,35.944],[78.842,35.947],[78.845,35.948],[78.847,35.951],[78.848,35.956],[78.85,35.963],[78.851,35.966],[78.854,35.971],[78.856,35.974],[78.863,35.972],[78.866,35.971],[78.871,35.969],[78.876,35.969],[78.879,35.967],[78.882,35.965],[78.885,35.962],[78.887,35.959],[78.893,35.956],[78.897,35.954],[78.902,35.953],[78.907,35.952],[78.911,35.952],[78.914,35.953],[78.917,35.951],[78.92,35.95],[78.922,35.948],[78.926,35.945],[78.931,35.947],[78.936,35.948],[78.941,35.949],[78.945,35.946],[78.948,35.945],[78.952,35.947],[78.955,35.949],[78.957,35.945],[78.961,35.941],[78.964,35.937],[78.966,35.935],[78.972,35.934],[78.975,35.938],[78.976,35.94],[78.98,35.935],[78.981,35.933],[78.984,35.931],[78.988,35.929],[78.991,35.929],[78.993,35.931],[78.994,35.933],[78.997,35.934],[78.999,35.931],[79.002,35.93],[79.004,35.928],[79.005,35.928],[79.007,35.93],[79.01,35.931],[79.011,35.931],[79.015,35.927],[79.018,35.925],[79.019,35.922],[79.023,35.918],[79.026,35.915],[79.028,35.914],[79.031,35.915],[79.034,35.917],[79.036,35.918],[79.04,35.918],[79.042,35.922],[79.042,35.925],[79.042,35.928],[79.045,35.93],[79.048,35.933],[79.052,35.936],[79.054,35.939],[79.057,35.941],[79.062,35.942],[79.065,35.943],[79.07,35.945],[79.073,35.947],[79.078,35.947],[79.084,35.945],[79.087,35.945],[79.089,35.947],[79.091,35.947],[79.096,35.947],[79.097,35.946],[79.099,35.945],[79.101,35.945],[79.104,35.945],[79.107,35.945],[79.11,35.946],[79.113,35.947],[79.117,35.945],[79.119,35.944],[79.121,35.944],[79.123,35.945],[79.129,35.943],[79.131,35.942],[79.133,35.943],[79.136,35.945],[79.141,35.944],[79.145,35.945],[79.15,35.944],[79.156,35.943],[79.162,35.944],[79.164,35.945],[79.167,35.943],[79.171,35.94],[79.175,35.938],[79.182,35.936],[79.186,35.933],[79.191,35.932],[79.194,35.932],[79.197,35.933],[79.199,35.933],[79.202,35.932],[79.206,35.932],[79.215,35.931],[79.22,35.93],[79.225,35.928],[79.231,35.929],[79.235,35.93],[79.24,35.93],[79.27,35.927],[79.273,35.929],[79.277,35.931],[79.283,35.934],[79.294,35.939],[79.297,35.941],[79.3,35.945],[79.305,35.952],[79.308,35.954],[79.313,35.957],[79.321,35.957],[79.325,35.958],[79.331,35.961],[79.333,35.963],[79.338,35.963],[79.339,35.966],[79.339,35.969],[79.337,35.971],[79.336,35.977],[79.339,35.979],[79.34,35.984],[79.343,35.988],[79.348,35.987],[79.35,35.986],[79.354,35.986],[79.362,35.986],[79.367,35.986],[79.37,35.985],[79.375,35.983],[79.381,35.98],[79.386,35.978],[79.392,35.976],[79.407,35.973],[79.411,35.974],[79.415,35.975],[79.42,35.975],[79.425,35.974],[79.432,35.973],[79.437,35.972],[79.439,35.97],[79.442,35.968],[79.445,35.965],[79.443,35.962],[79.441,35.959],[79.44,35.957],[79.44,35.954],[79.44,35.952],[79.44,35.95],[79.441,35.949],[79.44,35.946],[79.44,35.943],[79.439,35.941],[79.44,35.938],[79.44,35.934],[79.441,35.933],[79.444,35.932],[79.445,35.932],[79.447,35.93],[79.45,35.928],[79.454,35.925],[79.456,35.924],[79.457,35.922],[79.459,35.919],[79.461,35.916],[79.464,35.914],[79.464,35.912],[79.464,35.908],[79.464,35.905],[79.466,35.903],[79.468,35.9],[79.467,35.897],[79.465,35.895],[79.465,35.891],[79.464,35.889],[79.462,35.888],[79.459,35.888],[79.455,35.885],[79.452,35.883],[79.454,35.879],[79.455,35.877],[79.456,35.876],[79.456,35.874],[79.456,35.872],[79.458,35.87],[79.461,35.868],[79.462,35.867],[79.465,35.865],[79.466,35.863],[79.469,35.861],[79.472,35.859],[79.475,35.857],[79.478,35.855],[79.48,35.855],[79.483,35.856],[79.485,35.852],[79.487,35.85],[79.489,35.849],[79.492,35.849],[79.494,35.849],[79.497,35.848],[79.501,35.847],[79.503,35.847],[79.504,35.848],[79.506,35.848],[79.51,35.85],[79.512,35.85],[79.514,35.85],[79.517,35.85],[79.52,35.853],[79.522,35.858],[79.523,35.862],[79.524,35.864],[79.525,35.866],[79.528,35.867],[79.53,35.867],[79.534,35.868],[79.538,35.868],[79.539,35.872],[79.541,35.874],[79.544,35.876],[79.546,35.881],[79.55,35.881],[79.554,35.881],[79.558,35.88],[79.56,35.883],[79.561,35.886],[79.561,35.889],[79.561,35.891],[79.561,35.893],[79.562,35.895],[79.563,35.897],[79.565,35.898],[79.566,35.898],[79.569,35.898],[79.572,35.897],[79.573,35.892],[79.575,35.89],[79.578,35.889],[79.58,35.887],[79.582,35.885],[79.584,35.883],[79.585,35.882],[79.588,35.878],[79.588,35.877],[79.588,35.875],[79.587,35.873],[79.585,35.87],[79.584,35.868],[79.582,35.867],[79.582,35.865],[79.582,35.862],[79.582,35.86],[79.583,35.858],[79.584,35.855],[79.584,35.854],[79.583,35.852],[79.58,35.852],[79.578,35.85],[79.575,35.849],[79.573,35.846],[79.57,35.843],[79.568,35.839],[79.566,35.834],[79.564,35.83],[79.568,35.826],[79.57,35.824],[79.572,35.82],[79.572,35.818],[79.571,35.815],[79.572,35.813],[79.573,35.81],[79.576,35.81],[79.578,35.81],[79.579,35.812],[79.582,35.814],[79.584,35.815],[79.587,35.816],[79.588,35.815],[79.588,35.812],[79.588,35.809],[79.586,35.805],[79.585,35.803],[79.584,35.8],[79.585,35.797],[79.588,35.795],[79.591,35.791],[79.593,35.789],[79.596,35.788],[79.6,35.788],[79.602,35.788],[79.606,35.786],[79.607,35.786],[79.61,35.787],[79.613,35.786],[79.615,35.785],[79.618,35.785],[79.62,35.783],[79.622,35.781],[79.625,35.781],[79.626,35.779],[79.63,35.778],[79.632,35.778],[79.635,35.777],[79.639,35.778],[79.638,35.775],[79.637,35.771],[79.635,35.771],[79.633,35.77],[79.629,35.767],[79.631,35.765],[79.632,35.763],[79.633,35.761],[79.634,35.759],[79.636,35.757],[79.637,35.756],[79.639,35.755],[79.641,35.754],[79.643,35.751],[79.642,35.75],[79.64,35.748],[79.638,35.746],[79.636,35.744],[79.634,35.742],[79.636,35.738],[79.637,35.737],[79.638,35.735],[79.64,35.732],[79.641,35.731],[79.642,35.729],[79.643,35.727],[79.644,35.725],[79.645,35.724],[79.648,35.723],[79.65,35.724],[79.654,35.724],[79.654,35.723],[79.655,35.72],[79.658,35.72],[79.66,35.72],[79.661,35.719],[79.663,35.719],[79.665,35.719],[79.664,35.716],[79.665,35.714],[79.666,35.711],[79.668,35.709],[79.669,35.705],[79.67,35.703],[79.672,35.702],[79.674,35.701],[79.676,35.7],[79.679,35.7],[79.679,35.698],[79.679,35.696],[79.678,35.693],[79.678,35.691],[79.677,35.689],[79.678,35.687],[79.677,35.684],[79.677,35.683],[79.677,35.68],[79.677,35.678],[79.678,35.676],[79.679,35.673],[79.679,35.671],[79.681,35.668],[79.683,35.666],[79.687,35.664],[79.688,35.665],[79.691,35.666],[79.693,35.667],[79.696,35.666],[79.698,35.663],[79.7,35.659],[79.702,35.655],[79.703,35.651],[79.703,35.647],[79.703,35.644],[79.704,35.641],[79.704,35.639],[79.706,35.638],[79.71,35.638],[79.711,35.638],[79.713,35.638],[79.715,35.637],[79.718,35.636],[79.721,35.636],[79.723,35.637],[79.724,35.639],[79.726,35.641],[79.729,35.642],[79.734,35.643],[79.737,35.641],[79.738,35.64],[79.74,35.639],[79.743,35.638],[79.745,35.637],[79.749,35.635],[79.752,35.632],[79.754,35.632],[79.757,35.633],[79.759,35.632],[79.761,35.632],[79.763,35.629],[79.765,35.628],[79.769,35.627],[79.771,35.626],[79.776,35.625],[79.78,35.624],[79.782,35.624],[79.788,35.624],[79.789,35.624],[79.792,35.628],[79.795,35.629],[79.796,35.629],[79.799,35.626],[79.801,35.624],[79.804,35.624],[79.809,35.625],[79.812,35.627],[79.817,35.627],[79.822,35.623],[79.825,35.619],[79.827,35.615],[79.828,35.612],[79.831,35.61],[79.834,35.607],[79.835,35.605],[79.836,35.604],[79.839,35.602],[79.839,35.598],[79.839,35.596],[79.839,35.593],[79.838,35.589],[79.837,35.586],[79.837,35.585],[79.839,35.582],[79.842,35.581],[79.843,35.58],[79.845,35.578],[79.846,35.575],[79.849,35.575],[79.851,35.575],[79.854,35.575],[79.856,35.575],[79.858,35.576],[79.861,35.577],[79.862,35.579],[79.863,35.58],[79.864,35.581],[79.865,35.582],[79.867,35.584],[79.866,35.589],[79.866,35.592],[79.866,35.595],[79.868,35.597],[79.869,35.598],[79.871,35.599],[79.874,35.598],[79.877,35.598],[79.88,35.599],[79.883,35.6],[79.885,35.602],[79.889,35.601],[79.892,35.602],[79.894,35.604],[79.897,35.603],[79.901,35.602],[79.904,35.601],[79.907,35.6],[79.909,35.601],[79.911,35.601],[79.914,35.602],[79.919,35.604],[79.921,35.605],[79.922,35.607],[79.923,35.611],[79.924,35.614],[79.924,35.616],[79.925,35.619],[79.925,35.621],[79.926,35.621],[79.928,35.622],[79.93,35.622],[79.931,35.622],[79.933,35.623],[79.935,35.623],[79.938,35.621],[79.94,35.622],[79.941,35.623],[79.942,35.625],[79.944,35.625],[79.945,35.627],[79.947,35.629],[79.948,35.631],[79.95,35.632],[79.952,35.633],[79.954,35.634],[79.956,35.633],[79.958,35.633],[79.958,35.629],[79.958,35.627],[79.958,35.624],[79.957,35.622],[79.955,35.62],[79.955,35.618],[79.955,35.616],[79.957,35.615],[79.96,35.614],[79.962,35.614],[79.964,35.614],[79.97,35.61],[79.972,35.608],[79.974,35.605],[79.976,35.605],[79.979,35.606],[79.982,35.607],[79.986,35.605],[79.988,35.604],[79.991,35.603],[79.994,35.603],[79.995,35.603],[79.997,35.603],[79.999,35.602],[80.0,35.599],[80.001,35.592],[80.0,35.59],[79.997,35.586],[79.995,35.584],[79.993,35.582],[79.991,35.582],[79.985,35.579],[79.981,35.579],[79.978,35.579],[79.974,35.581],[79.971,35.58],[79.968,35.578],[79.965,35.575],[79.965,35.571],[79.964,35.568],[79.964,35.564],[79.965,35.559],[79.966,35.556],[79.966,35.554],[79.968,35.552],[79.971,35.551],[79.973,35.55],[79.975,35.548],[79.978,35.549],[79.98,35.546],[79.981,35.543],[79.982,35.54],[79.982,35.536],[79.982,35.533],[79.984,35.531],[79.987,35.529],[79.99,35.527],[79.993,35.525],[79.995,35.523],[79.995,35.52],[79.995,35.517],[79.994,35.514],[79.994,35.51],[79.995,35.508],[79.998,35.506],[80.0,35.503],[80.002,35.499],[80.004,35.497],[80.007,35.496],[80.009,35.491],[80.01,35.488],[80.012,35.484],[80.014,35.48],[80.015,35.475],[80.016,35.47],[80.017,35.466],[80.019,35.464],[80.023,35.461],[80.026,35.458],[80.028,35.455],[80.031,35.451],[80.034,35.447],[80.034,35.441],[80.035,35.439],[80.037,35.437],[80.039,35.436],[80.043,35.434],[80.046,35.432],[80.05,35.427],[80.055,35.423],[80.057,35.422],[80.059,35.422],[80.063,35.425],[80.065,35.425],[80.069,35.424],[80.072,35.423],[80.074,35.426],[80.077,35.43],[80.08,35.432],[80.088,35.432],[80.088,35.435],[80.088,35.438],[80.087,35.441],[80.081,35.45],[80.083,35.454],[80.085,35.455],[80.089,35.456],[80.093,35.457],[80.096,35.458],[80.098,35.462],[80.099,35.465],[80.101,35.468],[80.104,35.472],[80.108,35.477],[80.11,35.478],[80.113,35.478],[80.12,35.477],[80.127,35.478],[80.132,35.482],[80.137,35.485],[80.139,35.488],[80.14,35.492],[80.142,35.498],[80.15,35.5],[80.156,35.501],[80.161,35.502],[80.168,35.503],[80.168,35.507],[80.177,35.509],[80.183,35.509],[80.18,35.514],[80.177,35.519],[80.172,35.527],[80.172,35.532],[80.172,35.537],[80.169,35.541],[80.167,35.544],[80.166,35.547],[80.166,35.55],[80.166,35.553],[80.168,35.555],[80.171,35.557],[80.174,35.558],[80.178,35.558],[80.179,35.559],[80.182,35.56],[80.186,35.562],[80.188,35.562],[80.189,35.563],[80.191,35.565],[80.192,35.568],[80.193,35.569],[80.196,35.57],[80.199,35.571],[80.203,35.574],[80.205,35.575],[80.206,35.575],[80.208,35.574],[80.21,35.572],[80.213,35.57],[80.214,35.567],[80.217,35.564],[80.219,35.562],[80.221,35.558],[80.224,35.555],[80.225,35.555],[80.227,35.555],[80.229,35.556],[80.233,35.56],[80.235,35.559],[80.238,35.557],[80.242,35.555],[80.245,35.556],[80.248,35.557],[80.25,35.557],[80.255,35.563],[80.264,35.568],[80.267,35.567],[80.271,35.563],[80.273,35.56],[80.274,35.556],[80.277,35.553],[80.28,35.554],[80.283,35.555],[80.287,35.556],[80.29,35.557],[80.294,35.557],[80.297,35.556],[80.3,35.552],[80.302,35.548],[80.304,35.545],[80.304,35.543],[80.303,35.54],[80.301,35.536],[80.302,35.534],[80.305,35.532],[80.307,35.531],[80.31,35.53],[80.313,35.527],[80.315,35.524],[80.316,35.524],[80.318,35.526],[80.32,35.528],[80.321,35.529],[80.322,35.53],[80.323,35.532],[80.324,35.534],[80.328,35.535],[80.329,35.535],[80.333,35.533],[80.34,35.531],[80.342,35.527],[80.344,35.526],[80.347,35.525],[80.349,35.525],[80.35,35.526],[80.352,35.528],[80.354,35.529],[80.358,35.529],[80.363,35.526],[80.366,35.525],[80.365,35.52],[80.365,35.518],[80.365,35.516],[80.366,35.513],[80.369,35.511],[80.371,35.507],[80.375,35.503],[80.378,35.502],[80.382,35.502],[80.385,35.501],[80.387,35.498],[80.389,35.494],[80.389,35.488],[80.393,35.486],[80.4,35.483],[80.405,35.479],[80.412,35.477],[80.412,35.473],[80.415,35.47],[80.416,35.464],[80.42,35.46],[80.422,35.452],[80.421,35.443],[80.418,35.437],[80.415,35.435],[80.413,35.431],[80.412,35.426],[80.409,35.424],[80.405,35.423],[80.401,35.42],[80.395,35.415],[80.387,35.406],[80.383,35.399],[80.377,35.392],[80.369,35.388],[80.361,35.387],[80.351,35.389],[80.347,35.391],[80.335,35.383],[80.328,35.379],[80.324,35.378],[80.32,35.377],[80.315,35.372],[80.311,35.37],[80.306,35.369],[80.301,35.37],[80.299,35.368],[80.295,35.363],[80.293,35.36],[80.288,35.358],[80.286,35.354],[80.284,35.349],[80.283,35.346],[80.282,35.343],[80.28,35.335],[80.276,35.328],[80.277,35.322],[80.277,35.316],[80.275,35.311],[80.275,35.305],[80.274,35.3],[80.269,35.299],[80.266,35.296],[80.271,35.292],[80.272,35.289],[80.277,35.286],[80.281,35.282],[80.287,35.275],[80.291,35.273],[80.294,35.268],[80.292,35.264],[80.292,35.258],[80.285,35.233],[80.277,35.227],[80.275,35.217],[80.285,35.211],[80.283,35.204],[80.28,35.203],[80.271,35.204],[80.264,35.205],[80.26,35.204],[80.255,35.206],[80.252,35.201],[80.253,35.196],[80.245,35.185],[80.239,35.18],[80.232,35.175],[80.223,35.171],[80.223,35.164],[80.224,35.163],[80.229,35.161],[80.233,35.156],[80.236,35.154],[80.233,35.148],[80.227,35.148],[80.224,35.143],[80.221,35.142],[80.216,35.139],[80.211,35.128],[80.208,35.124],[80.2,35.122],[80.197,35.122],[80.195,35.118],[80.196,35.113],[80.202,35.085],[80.207,35.058],[80.212,35.03],[80.217,35.003],[80.217,34.998],[80.216,34.995],[80.216,34.993],[80.22,34.992],[80.224,34.991],[80.226,34.991],[80.229,34.991],[80.234,34.99],[80.233,34.987],[80.232,34.985],[80.23,34.982],[80.226,34.982],[80.225,34.98],[80.225,34.978],[80.226,34.974],[80.227,34.972],[80.225,34.97],[80.223,34.97],[80.22,34.967],[80.218,34.965],[80.216,34.964],[80.213,34.963],[80.212,34.961],[80.209,34.961],[80.207,34.96],[80.205,34.96],[80.201,34.96],[80.198,34.961],[80.197,34.959],[80.193,34.959],[80.192,34.958],[80.192,34.956],[80.192,34.952],[80.189,34.949],[80.186,34.946],[80.187,34.944],[80.189,34.942],[80.191,34.941],[80.193,34.937],[80.194,34.934],[80.196,34.933],[80.196,34.931],[80.197,34.928],[80.2,34.927],[80.201,34.924],[80.203,34.921],[80.205,34.916],[80.206,34.911],[80.203,34.906],[80.202,34.901],[80.202,34.899],[80.205,34.891],[80.202,34.89],[80.197,34.887],[80.19,34.886],[80.184,34.884],[80.176,34.882],[80.167,34.88],[80.168,34.873],[80.165,34.871],[80.16,34.871],[80.157,34.868],[80.153,34.868],[80.148,34.867],[80.137,34.869],[80.136,34.855],[80.133,34.851],[80.129,34.847],[80.126,34.845],[80.124,34.841],[80.12,34.838],[80.123,34.836],[80.121,34.833],[80.12,34.831],[80.118,34.83],[80.116,34.829],[80.114,34.829],[80.112,34.826],[80.113,34.824],[80.113,34.82],[80.112,34.814],[80.11,34.804],[80.109,34.802],[80.107,34.798],[80.106,34.794],[80.104,34.79],[80.103,34.787],[80.101,34.785],[80.099,34.782],[80.1,34.778],[80.099,34.775],[80.093,34.77],[80.091,34.769],[80.084,34.769],[80.078,34.771],[80.075,34.769],[80.072,34.769],[80.07,34.765],[80.067,34.762],[80.069,34.76],[80.068,34.757],[80.071,34.752],[80.073,34.747],[80.077,34.742],[80.077,34.74],[80.077,34.736],[80.079,34.733],[80.077,34.724],[80.079,34.722],[80.079,34.717],[80.076,34.708],[80.074,34.706],[80.069,34.705],[80.068,34.705],[80.066,34.705],[80.065,34.705],[80.062,34.704],[80.058,34.703],[80.055,34.702],[80.052,34.701],[80.049,34.701],[80.046,34.7],[80.043,34.698],[80.042,34.698],[80.038,34.697],[80.032,34.697],[80.028,34.697],[80.024,34.696],[80.022,34.696],[80.019,34.695],[80.015,34.694],[80.013,34.694],[80.008,34.694],[80.003,34.694],[80.0,34.694],[79.997,34.693],[79.995,34.692],[79.992,34.692],[79.989,34.692],[79.986,34.695],[79.982,34.697],[79.979,34.698],[79.975,34.699],[79.972,34.7],[79.97,34.699],[79.968,34.697],[79.966,34.694],[79.966,34.69],[79.964,34.688],[79.962,34.686],[79.959,34.684],[79.956,34.68],[79.954,34.677],[79.952,34.674],[79.948,34.675],[79.944,34.676],[79.941,34.678],[79.94,34.682],[79.938,34.686],[79.935,34.69],[79.932,34.692],[79.929,34.693],[79.925,34.693],[79.923,34.692],[79.92,34.689],[79.918,34.688],[79.914,34.691],[79.91,34.694],[79.906,34.696],[79.901,34.696],[79.898,34.696],[79.894,34.694],[79.891,34.693],[79.887,34.69],[79.882,34.688],[79.878,34.687],[79.874,34.685],[79.87,34.683],[79.864,34.68],[79.86,34.678],[79.856,34.675],[79.853,34.674],[79.849,34.672],[79.845,34.669],[79.844,34.665],[79.843,34.66],[79.838,34.659],[79.835,34.656],[79.832,34.651],[79.83,34.646],[79.826,34.645],[79.825,34.645],[79.823,34.643],[79.82,34.642],[79.816,34.642],[79.813,34.64],[79.81,34.638],[79.807,34.636],[79.803,34.631],[79.8,34.629],[79.794,34.628],[79.79,34.628],[79.787,34.627],[79.786,34.625],[79.787,34.621],[79.788,34.616],[79.788,34.612],[79.786,34.609],[79.787,34.606],[79.79,34.603],[79.794,34.597],[79.799,34.593],[79.802,34.589],[79.802,34.587],[79.801,34.584],[79.797,34.581],[79.792,34.577],[79.789,34.574],[79.787,34.57],[79.788,34.564],[79.792,34.56],[79.795,34.556],[79.798,34.554],[79.802,34.552],[79.804,34.548],[79.807,34.545],[79.809,34.545],[79.811,34.54],[79.811,34.534],[79.811,34.527],[79.809,34.522],[79.809,34.517],[79.806,34.513],[79.803,34.504],[79.799,34.496],[79.797,34.49],[79.794,34.48],[79.779,34.479],[79.776,34.478],[79.77,34.474],[79.766,34.471],[79.76,34.47],[79.756,34.472],[79.753,34.478],[79.746,34.477],[79.74,34.478],[79.737,34.475],[79.728,34.473],[79.722,34.472],[79.716,34.475],[79.714,34.478],[79.71,34.482],[79.703,34.486],[79.702,34.486],[79.7,34.483],[79.694,34.478],[79.685,34.477],[79.685,34.471],[79.682,34.467],[79.681,34.462],[79.677,34.459],[79.674,34.455],[79.671,34.456],[79.666,34.454],[79.661,34.453],[79.658,34.452],[79.656,34.452],[79.653,34.454],[79.649,34.454],[79.645,34.456],[79.639,34.454],[79.63,34.453],[79.629,34.45],[79.623,34.45],[79.619,34.452],[79.613,34.455],[79.605,34.465],[79.601,34.466],[79.593,34.467],[79.589,34.463],[79.585,34.461],[79.577,34.46],[79.576,34.459],[79.563,34.458],[79.561,34.458],[79.558,34.461],[79.556,34.465],[79.552,34.467],[79.55,34.47],[79.548,34.475],[79.544,34.478],[79.538,34.479],[79.536,34.473],[79.534,34.47],[79.53,34.466],[79.526,34.461],[79.522,34.459],[79.518,34.459],[79.512,34.456],[79.509,34.454],[79.509,34.451],[79.512,34.45],[79.515,34.449],[79.519,34.448],[79.523,34.445],[79.53,34.444],[79.531,34.443],[79.53,34.435],[79.531,34.429],[79.529,34.426],[79.529,34.423],[79.533,34.42],[79.536,34.416],[79.538,34.412],[79.534,34.409],[79.535,34.401],[79.539,34.398],[79.542,34.394],[79.543,34.388],[79.546,34.382],[79.551,34.378],[79.557,34.374],[79.559,34.372],[79.559,34.364],[79.56,34.36],[79.562,34.358],[79.563,34.353],[79.563,34.347],[79.564,34.343],[79.566,34.339],[79.568,34.333],[79.573,34.331],[79.574,34.325],[79.573,34.321],[79.575,34.319],[79.579,34.316],[79.584,34.316],[79.586,34.311],[79.593,34.311],[79.599,34.31],[79.601,34.308],[79.603,34.307],[79.603,34.304],[79.603,34.302],[79.605,34.298],[79.606,34.292],[79.608,34.288],[79.609,34.286],[79.61,34.284],[79.607,34.272],[79.608,34.264],[79.609,34.26],[79.611,34.254],[79.608,34.245],[79.607,34.238],[79.605,34.237],[79.603,34.237],[79.59,34.241],[79.588,34.239],[79.581,34.234],[79.576,34.23],[79.57,34.223],[79.567,34.22],[79.565,34.216],[79.562,34.213],[79.559,34.209],[79.555,34.209],[79.551,34.208],[79.548,34.207],[79.547,34.204],[79.545,34.203],[79.542,34.203],[79.537,34.204],[79.532,34.2],[79.53,34.2],[79.525,34.198],[79.521,34.198],[79.515,34.2],[79.508,34.198],[79.505,34.198],[79.503,34.197],[79.502,34.195],[79.5,34.194],[79.499,34.194],[79.495,34.194],[79.491,34.191],[79.493,34.187],[79.493,34.185],[79.495,34.18],[79.498,34.174],[79.498,34.168],[79.496,34.161],[79.495,34.155],[79.496,34.15],[79.49,34.145],[79.491,34.137],[79.491,34.134],[79.49,34.131],[79.486,34.126],[79.482,34.123],[79.476,34.12],[79.47,34.116],[79.464,34.115],[79.458,34.116],[79.45,34.116],[79.446,34.116],[79.442,34.116],[79.438,34.117],[79.434,34.116],[79.428,34.113],[79.425,34.112],[79.424,34.11],[79.423,34.106],[79.422,34.103],[79.419,34.102],[79.416,34.1],[79.417,34.098],[79.418,34.095],[79.418,34.092],[79.417,34.089],[79.418,34.087],[79.42,34.084],[79.419,34.08],[79.427,34.076],[79.427,34.073],[79.426,34.071],[79.426,34.068],[79.427,34.066],[79.429,34.065],[79.43,34.064],[79.43,34.061],[79.429,34.06],[79.427,34.059],[79.425,34.058],[79.423,34.057],[79.421,34.056],[79.419,34.054],[79.418,34.053],[79.419,34.051],[79.421,34.048],[79.422,34.045],[79.42,34.042],[79.417,34.039],[79.41,34.036],[79.409,34.033],[79.407,34.031],[79.404,34.027],[79.408,34.023],[79.408,34.02],[79.409,34.013],[79.41,34.01],[79.407,34.007],[79.403,34.002],[79.397,33.999],[79.391,33.997],[79.383,33.998],[79.377,34.001],[79.371,33.998],[79.367,33.995],[79.367,33.994],[79.365,33.995],[79.364,33.996],[79.359,33.996],[79.356,34.0],[79.354,34.0],[79.346,34.0],[79.342,34.002],[79.339,34.005],[79.337,34.005],[79.334,34.004],[79.332,34.004],[79.328,34.006],[79.321,34.01],[79.318,34.014],[79.316,34.015],[79.311,34.013],[79.306,34.01],[79.3,34.009],[79.297,34.009],[79.294,34.014],[79.291,34.015],[79.289,34.015],[79.286,34.014],[79.282,34.012],[79.279,34.012],[79.274,34.015],[79.268,34.019],[79.26,34.019],[79.255,34.02],[79.249,34.024],[79.246,34.021],[79.242,34.018],[79.238,34.015],[79.234,34.012],[79.23,34.011],[79.225,34.011],[79.221,34.012],[79.217,34.014],[79.213,34.017],[79.208,34.016],[79.205,34.018],[79.202,34.021],[79.198,34.022],[79.194,34.025],[79.19,34.025],[79.182,34.024],[79.177,34.024],[79.171,34.022],[79.169,34.018],[79.167,34.016],[79.162,34.012],[79.155,34.011],[79.151,34.009],[79.148,34.006],[79.147,34.002],[79.147,33.999],[79.144,33.997],[79.139,33.994],[79.128,33.996],[79.12,33.993],[79.109,33.99],[79.099,33.99],[79.092,33.991],[79.073,33.997],[79.052,34.003],[79.049,34.006],[79.041,34.007],[79.035,34.009],[79.029,34.01],[79.024,34.014],[79.019,34.016],[79.01,34.024],[79.007,34.027],[79.003,34.028],[78.999,34.03],[78.995,34.037],[78.992,34.035],[78.989,34.035],[78.983,34.033],[78.978,34.03],[78.971,34.028],[78.962,34.026],[78.954,34.024],[78.947,34.022],[78.935,34.02],[78.93,34.018],[78.925,34.015],[78.921,34.013],[78.917,34.011],[78.912,34.01],[78.905,34.005],[78.903,34.002],[78.9,33.994],[78.897,33.985],[78.893,33.98],[78.887,33.973],[78.888,33.97],[78.892,33.962],[78.9,33.955],[78.909,33.947],[78.916,33.937],[78.923,33.925],[78.931,33.917],[78.937,33.913],[78.94,33.905],[78.942,33.893],[78.945,33.889],[78.948,33.884],[78.95,33.877],[78.949,33.868],[78.95,33.863],[78.956,33.852],[78.96,33.837],[78.965,33.821],[78.971,33.813],[78.976,33.809],[78.989,33.8],[78.993,33.795],[78.995,33.788],[78.997,33.78],[79.0,33.773],[79.005,33.772],[79.011,33.769],[79.013,33.764],[79.028,33.754],[79.027,33.746],[79.019,33.73],[79.01,33.714],[79.008,33.693],[79.012,33.685],[79.022,33.678],[79.022,33.674],[79.034,33.67],[79.056,33.665],[79.064,33.666],[79.07,33.657],[79.083,33.649],[79.09,33.637],[79.091,33.629],[79.087,33.622],[79.085,33.62],[79.078,33.619],[79.075,33.621],[79.063,33.622],[79.054,33.621],[79.045,33.621],[79.034,33.62],[79.025,33.619],[79.019,33.613],[79.012,33.613],[79.004,33.607],[78.989,33.61],[78.977,33.61],[78.965,33.615],[78.95,33.618],[78.938,33.614],[78.929,33.62],[78.918,33.622],[78.907,33.62],[78.905,33.606],[78.891,33.587],[78.886,33.576],[78.888,33.573],[78.897,33.569],[78.91,33.565],[78.914,33.555],[78.915,33.548],[78.914,33.541],[78.923,33.513],[78.931,33.487],[78.931,33.481],[78.929,33.475],[78.927,33.455],[78.929,33.445],[78.927,33.441],[78.932,33.428],[78.931,33.425],[78.934,33.417],[78.93,33.412],[78.932,33.407],[78.938,33.403],[78.938,33.399],[78.94,33.396],[78.94,33.39],[78.937,33.387],[78.937,33.386],[78.938,33.385],[78.939,33.384],[78.94,33.383],[78.94,33.382],[78.94,33.381],[78.94,33.38],[78.941,33.38],[78.943,33.38],[78.945,33.38],[78.946,33.379],[78.948,33.378],[78.949,33.378],[78.95,33.377],[78.95,33.375],[78.952,33.374],[78.953,33.372],[78.954,33.371],[78.953,33.37],[78.953,33.369],[78.952,33.369],[78.952,33.368],[78.951,33.367],[78.95,33.365],[78.95,33.364],[78.951,33.364],[78.952,33.363],[78.952,33.362],[78.953,33.362],[78.954,33.361],[78.955,33.36],[78.956,33.359],[78.956,33.358],[78.955,33.357],[78.955,33.356],[78.954,33.356],[78.954,33.354],[78.955,33.354],[78.955,33.353],[78.956,33.352],[78.957,33.351],[78.957,33.35],[78.958,33.349],[78.958,33.348],[78.959,33.348],[78.96,33.348],[78.96,33.346],[78.96,33.345],[78.96,33.344],[78.961,33.343],[78.961,33.342],[78.962,33.341],[78.962,33.34],[78.963,33.339],[78.964,33.339],[78.965,33.339],[78.966,33.338],[78.967,33.338],[78.968,33.337],[78.969,33.337],[78.969,33.336],[78.97,33.336],[78.971,33.336],[78.971,33.335],[78.972,33.335],[78.973,33.335],[78.974,33.335],[78.975,33.335],[78.976,33.335],[78.977,33.334],[78.977,33.333],[78.977,33.332],[78.977,33.331],[78.978,33.331],[78.978,33.33],[78.979,33.329],[78.979,33.328],[78.98,33.328],[78.981,33.327],[78.982,33.327],[78.983,33.326],[78.984,33.326],[78.985,33.326],[78.986,33.326],[78.988,33.326],[78.989,33.326],[78.991,33.326],[78.992,33.326],[78.993,33.326],[78.993,33.325],[78.995,33.325],[78.996,33.325],[78.997,33.325],[78.998,33.326],[78.999,33.326],[79.0,33.326],[79.001,33.327],[79.002,33.327],[79.003,33.327],[79.004,33.327],[79.005,33.327],[79.006,33.326],[79.007,33.326],[79.007,33.325],[79.008,33.325],[79.009,33.324],[79.01,33.324],[79.011,33.323],[79.012,33.323],[79.013,33.323],[79.014,33.323],[79.015,33.323],[79.016,33.323],[79.017,33.323],[79.018,33.324],[79.019,33.324],[79.02,33.325],[79.021,33.324],[79.022,33.324],[79.022,33.323],[79.023,33.323],[79.024,33.322],[79.025,33.322],[79.025,33.321],[79.026,33.321],[79.027,33.32],[79.027,33.319],[79.027,33.318],[79.027,33.317],[79.026,33.316],[79.026,33.315],[79.025,33.314],[79.026,33.312],[79.027,33.312],[79.027,33.311],[79.028,33.31],[79.028,33.309],[79.029,33.308],[79.03,33.308],[79.032,33.308],[79.033,33.308],[79.034,33.307],[79.036,33.307],[79.036,33.308],[79.037,33.308],[79.037,33.306],[79.038,33.305],[79.037,33.304],[79.037,33.303],[79.036,33.302],[79.035,33.301],[79.035,33.3],[79.035,33.299],[79.034,33.298],[79.033,33.297],[79.033,33.296],[79.033,33.295],[79.032,33.295],[79.032,33.294],[79.033,33.293],[79.034,33.292],[79.036,33.292],[79.037,33.291],[79.038,33.291],[79.039,33.29],[79.039,33.289],[79.039,33.288],[79.039,33.287],[79.039,33.286],[79.039,33.285],[79.038,33.284],[79.037,33.283],[79.036,33.282],[79.035,33.281],[79.035,33.28],[79.034,33.28],[79.034,33.279],[79.034,33.278],[79.033,33.278],[79.034,33.277],[79.035,33.277],[79.035,33.276],[79.035,33.275],[79.035,33.274],[79.067,33.25],[79.113,33.226],[79.117,33.225],[79.355,33.17],[79.376,33.146],[79.34,33.034],[79.335,32.976],[79.436,32.834],[79.499,32.73],[79.494,32.688],[79.47,32.643],[79.385,32.57],[79.292,32.507],[79.219,32.501],[79.17,32.497],[79.127,32.476],[79.067,32.388],[78.998,32.365],[78.919,32.358],[78.838,32.412],[78.771,32.468],[78.753,32.499],[78.737,32.558],[78.701,32.597],[78.632,32.579],[78.526,32.571],[78.413,32.558],[78.405,32.553],[78.406,32.551],[78.405,32.55],[78.405,32.549],[78.405,32.548],[78.405,32.547],[78.403,32.546],[78.402,32.545],[78.401,32.545],[78.4,32.545],[78.399,32.545],[78.398,32.545],[78.398,32.544],[78.397,32.543],[78.397,32.542],[78.396,32.542],[78.396,32.541],[78.395,32.54],[78.394,32.54],[78.393,32.539],[78.394,32.538],[78.394,32.537],[78.394,32.536],[78.395,32.535],[78.395,32.534],[78.395,32.533],[78.395,32.532],[78.395,32.531],[78.395,32.53],[78.396,32.529],[78.397,32.529],[78.398,32.529],[78.399,32.528],[78.4,32.527],[78.401,32.527],[78.402,32.527],[78.403,32.527],[78.404,32.526],[78.405,32.526],[78.406,32.526],[78.407,32.526],[78.408,32.525],[78.409,32.524],[78.41,32.523],[78.411,32.523],[78.41,32.522],[78.412,32.52],[78.412,32.519],[78.412,32.518],[78.413,32.517],[78.414,32.517],[78.415,32.517],[78.416,32.516],[78.417,32.516],[78.418,32.515],[78.419,32.514],[78.42,32.513],[78.421,32.512],[78.422,32.511],[78.423,32.509],[78.424,32.508],[78.425,32.507],[78.426,32.506],[78.427,32.506],[78.428,32.505],[78.428,32.504],[78.427,32.503],[78.427,32.502],[78.426,32.501],[78.426,32.5],[78.427,32.499],[78.427,32.497],[78.428,32.495],[78.429,32.495],[78.43,32.494],[78.43,32.493],[78.431,32.492],[78.432,32.491],[78.433,32.49],[78.434,32.49],[78.435,32.489],[78.436,32.489],[78.436,32.488],[78.437,32.487],[78.438,32.487],[78.439,32.486],[78.439,32.485],[78.44,32.484],[78.44,32.483],[78.44,32.482],[78.44,32.481],[78.44,32.48],[78.441,32.479],[78.442,32.479],[78.443,32.478],[78.444,32.478],[78.444,32.477],[78.445,32.476],[78.446,32.476],[78.447,32.476],[78.448,32.475],[78.449,32.475],[78.45,32.475],[78.451,32.475],[78.452,32.474],[78.453,32.473],[78.453,32.472],[78.454,32.472],[78.455,32.471],[78.455,32.47],[78.455,32.469],[78.455,32.468],[78.454,32.467],[78.454,32.466],[78.453,32.465],[78.452,32.464],[78.451,32.462],[78.451,32.461],[78.451,32.46],[78.452,32.459],[78.453,32.459],[78.454,32.458],[78.455,32.458],[78.456,32.457],[78.457,32.457],[78.458,32.457],[78.459,32.456],[78.46,32.456],[78.461,32.456],[78.462,32.455],[78.463,32.454],[78.463,32.453],[78.463,32.452],[78.462,32.451],[78.463,32.45],[78.463,32.449],[78.463,32.448],[78.463,32.447],[78.464,32.447],[78.465,32.446],[78.466,32.446],[78.467,32.445],[78.468,32.445],[78.469,32.445],[78.469,32.444],[78.47,32.444],[78.471,32.443],[78.471,32.442],[78.472,32.442],[78.472,32.441],[78.472,32.44],[78.471,32.44],[78.472,32.439],[78.472,32.438],[78.472,32.436],[78.472,32.435],[78.472,32.433],[78.472,32.432],[78.472,32.431],[78.472,32.43],[78.472,32.428],[78.472,32.427],[78.471,32.426],[78.471,32.425],[78.471,32.424],[78.47,32.423],[78.47,32.422],[78.47,32.42],[78.47,32.419],[78.47,32.417],[78.471,32.416],[78.471,32.415],[78.471,32.414],[78.472,32.413],[78.473,32.412],[78.472,32.411],[78.471,32.41],[78.471,32.409],[78.471,32.408],[78.471,32.407],[78.471,32.405],[78.471,32.404],[78.471,32.403],[78.47,32.403],[78.47,32.402],[78.47,32.401],[78.471,32.399],[78.471,32.398],[78.471,32.397],[78.471,32.396],[78.47,32.396],[78.469,32.395],[78.468,32.394],[78.467,32.394],[78.466,32.394],[78.464,32.394],[78.463,32.393],[78.462,32.393],[78.461,32.393],[78.459,32.392],[78.458,32.392],[78.457,32.392],[78.457,32.391],[78.457,32.39],[78.456,32.389],[78.455,32.389],[78.454,32.388],[78.454,32.387],[78.454,32.386],[78.455,32.385],[78.455,32.384],[78.456,32.383],[78.457,32.381],[78.457,32.38],[78.458,32.38],[78.459,32.379],[78.461,32.378],[78.461,32.377],[78.462,32.376],[78.463,32.375],[78.465,32.375],[78.465,32.374],[78.465,32.373],[78.466,32.373],[78.466,32.372],[78.467,32.371],[78.467,32.37],[78.467,32.369],[78.468,32.368],[78.468,32.367],[78.469,32.366],[78.469,32.365],[78.47,32.365],[78.472,32.365],[78.473,32.365],[78.474,32.365],[78.476,32.365],[78.478,32.366],[78.479,32.366],[78.481,32.366],[78.483,32.364],[78.484,32.362],[78.484,32.361],[78.485,32.36],[78.485,32.359],[78.486,32.358],[78.486,32.356],[78.485,32.356],[78.484,32.356],[78.484,32.355],[78.483,32.354],[78.482,32.352],[78.481,32.352],[78.48,32.351],[78.48,32.35],[78.48,32.349],[78.481,32.348],[78.482,32.347],[78.481,32.346],[78.481,32.345],[78.481,32.344],[78.481,32.343],[78.48,32.343],[78.48,32.342],[78.479,32.341],[78.478,32.341],[78.478,32.34],[78.478,32.339],[78.478,32.338],[78.478,32.337],[78.477,32.336],[78.477,32.335],[78.477,32.334],[78.476,32.332],[78.477,32.331],[78.478,32.33],[78.477,32.329],[78.477,32.328],[78.478,32.327],[78.478,32.326],[78.479,32.326],[78.479,32.325],[78.48,32.325],[78.481,32.325],[78.482,32.324],[78.483,32.324],[78.484,32.325],[78.485,32.324],[78.486,32.324],[78.487,32.324],[78.488,32.324],[78.489,32.325],[78.49,32.325],[78.491,32.324],[78.492,32.324],[78.493,32.324],[78.494,32.323],[78.495,32.324],[78.496,32.324],[78.497,32.324],[78.497,32.325],[78.498,32.324],[78.499,32.323],[78.499,32.322],[78.5,32.321],[78.501,32.32],[78.502,32.32],[78.502,32.319],[78.502,32.318],[78.503,32.317],[78.503,32.315],[78.503,32.313],[78.503,32.312],[78.504,32.31],[78.505,32.308],[78.507,32.307],[78.508,32.306],[78.509,32.305],[78.51,32.304],[78.51,32.303],[78.507,32.299],[78.506,32.299],[78.505,32.298],[78.504,32.297],[78.503,32.297],[78.502,32.296],[78.5,32.296],[78.5,32.295],[78.499,32.295],[78.499,32.294],[78.499,32.293],[78.499,32.292],[78.499,32.291],[78.498,32.29],[78.498,32.289],[78.498,32.288],[78.497,32.287],[78.497,32.286],[78.496,32.285],[78.495,32.284],[78.493,32.283],[78.493,32.282],[78.492,32.28],[78.491,32.279],[78.49,32.278],[78.489,32.278],[78.489,32.277],[78.488,32.276],[78.49,32.275],[78.491,32.274],[78.492,32.275],[78.493,32.275],[78.494,32.276],[78.496,32.276],[78.497,32.276],[78.498,32.276],[78.499,32.275],[78.499,32.274],[78.5,32.274],[78.501,32.273],[78.502,32.273],[78.502,32.272],[78.503,32.272],[78.504,32.271],[78.505,32.27],[78.506,32.27],[78.506,32.269],[78.507,32.269],[78.508,32.269],[78.509,32.268],[78.51,32.267],[78.511,32.267],[78.512,32.266],[78.514,32.266],[78.515,32.266],[78.516,32.265],[78.517,32.265],[78.517,32.264],[78.518,32.263],[78.518,32.262],[78.519,32.262],[78.52,32.262],[78.52,32.261],[78.521,32.26],[78.521,32.259],[78.521,32.258],[78.521,32.257],[78.522,32.256],[78.522,32.255],[78.523,32.254],[78.523,32.253],[78.524,32.252],[78.524,32.251],[78.524,32.25],[78.524,32.249],[78.524,32.248],[78.525,32.248],[78.525,32.247],[78.525,32.246],[78.526,32.246],[78.527,32.246],[78.528,32.245],[78.529,32.244],[78.53,32.245],[78.531,32.244],[78.532,32.244],[78.532,32.243],[78.533,32.242],[78.533,32.241],[78.534,32.241],[78.534,32.24],[78.535,32.239],[78.536,32.238],[78.537,32.237],[78.538,32.237],[78.538,32.235],[78.538,32.234],[78.539,32.233],[78.539,32.232],[78.54,32.231],[78.54,32.23],[78.542,32.229],[78.543,32.228],[78.543,32.227],[78.543,32.226],[78.543,32.225],[78.543,32.223],[78.543,32.222],[78.544,32.221],[78.546,32.22],[78.547,32.219],[78.549,32.218],[78.55,32.216],[78.552,32.215],[78.553,32.215],[78.554,32.214],[78.554,32.213],[78.555,32.213],[78.555,32.212],[78.555,32.211],[78.556,32.21],[78.556,32.209],[78.557,32.209],[78.557,32.208],[78.558,32.207],[78.558,32.206],[78.559,32.206],[78.559,32.205],[78.559,32.204],[78.56,32.203],[78.56,32.202],[78.561,32.203],[78.562,32.204],[78.564,32.204],[78.565,32.204],[78.566,32.203],[78.567,32.203],[78.568,32.202],[78.57,32.202],[78.571,32.202],[78.572,32.202],[78.573,32.202],[78.574,32.202],[78.575,32.203],[78.576,32.203],[78.576,32.204],[78.577,32.204],[78.578,32.203],[78.579,32.204],[78.58,32.204],[78.581,32.204],[78.582,32.203],[78.583,32.203],[78.584,32.202],[78.585,32.202],[78.586,32.202],[78.587,32.201],[78.588,32.201],[78.589,32.201],[78.59,32.201],[78.591,32.201],[78.592,32.201],[78.594,32.2],[78.595,32.199],[78.596,32.198],[78.597,32.197],[78.597,32.196],[78.598,32.195],[78.599,32.194],[78.599,32.193],[78.599,32.191],[78.599,32.19],[78.599,32.189],[78.599,32.188],[78.599,32.187],[78.599,32.186],[78.6,32.186],[78.6,32.185],[78.6,32.183],[78.6,32.182],[78.6,32.181],[78.6,32.18],[78.6,32.179],[78.6,32.178],[78.6,32.177],[78.6,32.176],[78.6,32.175],[78.6,32.174],[78.599,32.174],[78.598,32.174],[78.597,32.173],[78.596,32.173],[78.596,32.172],[78.595,32.171],[78.594,32.17],[78.593,32.169],[78.591,32.168],[78.592,32.167],[78.592,32.166],[78.593,32.166],[78.593,32.165],[78.593,32.164],[78.594,32.163],[78.594,32.162],[78.595,32.161],[78.596,32.16],[78.596,32.159],[78.597,32.158],[78.598,32.158],[78.599,32.157],[78.6,32.157],[78.601,32.156],[78.602,32.156],[78.603,32.156],[78.603,32.155],[78.604,32.155],[78.604,32.154],[78.605,32.154],[78.606,32.153],[78.607,32.152],[78.608,32.152],[78.608,32.151],[78.609,32.151],[78.608,32.15],[78.609,32.15],[78.609,32.149],[78.61,32.149],[78.611,32.149],[78.612,32.149],[78.613,32.149],[78.613,32.148],[78.614,32.148],[78.614,32.147],[78.615,32.147],[78.617,32.146],[78.618,32.145],[78.619,32.144],[78.619,32.143],[78.621,32.142],[78.622,32.141],[78.623,32.141],[78.624,32.14],[78.625,32.14],[78.625,32.139],[78.626,32.138],[78.627,32.138],[78.627,32.137],[78.628,32.136],[78.629,32.135],[78.63,32.134],[78.63,32.133],[78.63,32.131],[78.631,32.13],[78.631,32.129],[78.631,32.127],[78.631,32.126],[78.632,32.126],[78.633,32.125],[78.634,32.126],[78.635,32.125],[78.636,32.125],[78.637,32.125],[78.639,32.125],[78.641,32.124],[78.643,32.124],[78.644,32.123],[78.645,32.122],[78.646,32.121],[78.647,32.12],[78.648,32.119],[78.649,32.119],[78.651,32.119],[78.654,32.118],[78.655,32.118],[78.656,32.117],[78.657,32.116],[78.658,32.116],[78.659,32.116],[78.66,32.116],[78.661,32.116],[78.662,32.116],[78.663,32.116],[78.664,32.117],[78.665,32.117],[78.666,32.116],[78.668,32.117],[78.669,32.117],[78.671,32.117],[78.672,32.117],[78.674,32.117],[78.676,32.115],[78.677,32.115],[78.679,32.114],[78.68,32.114],[78.681,32.114],[78.681,32.115],[78.682,32.115],[78.683,32.115],[78.683,32.114],[78.684,32.113],[78.685,32.111],[78.685,32.11],[78.686,32.11],[78.687,32.109],[78.686,32.108],[78.687,32.107],[78.687,32.106],[78.687,32.105],[78.687,32.104],[78.688,32.104],[78.688,32.103],[78.69,32.102],[78.691,32.101],[78.691,32.1],[78.692,32.099],[78.693,32.097],[78.693,32.096],[78.694,32.096],[78.694,32.095],[78.694,32.094],[78.693,32.094],[78.692,32.094],[78.692,32.093],[78.691,32.093],[78.691,32.092],[78.691,32.091],[78.691,32.09],[78.691,32.089],[78.69,32.088],[78.69,32.087],[78.689,32.087],[78.689,32.086],[78.688,32.086],[78.687,32.086],[78.683,32.08],[78.684,32.079],[78.685,32.079],[78.685,32.078],[78.686,32.076],[78.686,32.075],[78.687,32.075],[78.687,32.074],[78.69,32.072],[78.692,32.07],[78.693,32.069],[78.694,32.069],[78.695,32.068],[78.696,32.068],[78.698,32.068],[78.699,32.068],[78.7,32.068],[78.702,32.067],[78.703,32.067],[78.704,32.066],[78.706,32.064],[78.706,32.063],[78.707,32.06],[78.707,32.057],[78.708,32.056],[78.709,32.056],[78.709,32.055],[78.71,32.055],[78.71,32.054],[78.711,32.054],[78.711,32.053],[78.711,32.052],[78.711,32.051],[78.712,32.05],[78.712,32.048],[78.713,32.048],[78.713,32.047],[78.713,32.046],[78.714,32.045],[78.715,32.045],[78.717,32.045],[78.717,32.044],[78.717,32.043],[78.718,32.043],[78.718,32.042],[78.719,32.042],[78.72,32.041],[78.721,32.041],[78.721,32.04],[78.722,32.04],[78.722,32.039],[78.722,32.038],[78.722,32.037],[78.721,32.036],[78.721,32.035],[78.721,32.033],[78.721,32.031],[78.721,32.03],[78.722,32.029],[78.723,32.028],[78.724,32.027],[78.725,32.026],[78.725,32.025],[78.725,32.023],[78.725,32.021],[78.726,32.02],[78.727,32.019],[78.727,32.018],[78.728,32.017],[78.728,32.016],[78.73,32.016],[78.731,32.015],[78.732,32.014],[78.734,32.014],[78.734,32.013],[78.734,32.012],[78.734,32.011],[78.734,32.01],[78.734,32.009],[78.733,32.008],[78.734,32.007],[78.734,32.006],[78.734,32.005],[78.736,32.004],[78.737,32.003],[78.738,32.002],[78.739,32.002],[78.74,32.001],[78.742,32.002],[78.744,32.002],[78.746,32.002],[78.747,32.002],[78.748,32.003],[78.749,32.003],[78.75,32.003],[78.751,32.003],[78.752,32.003],[78.754,32.002],[78.755,32.002],[78.756,32.002],[78.758,32.003],[78.766,32.004],[78.767,32.004],[78.768,32.002],[78.768,31.999],[78.77,31.997],[78.772,31.996],[78.774,31.996],[78.776,31.996],[78.777,31.995],[78.778,31.995],[78.78,31.994],[78.779,31.993],[78.778,31.992],[78.777,31.99],[78.776,31.99],[78.776,31.989],[78.775,31.988],[78.775,31.987],[78.774,31.986],[78.774,31.985],[78.774,31.984],[78.774,31.983],[78.775,31.982],[78.776,31.981],[78.776,31.98],[78.776,31.976],[78.775,31.975],[78.774,31.974],[78.774,31.973],[78.777,31.969],[78.778,31.968],[78.779,31.967],[78.777,31.965],[78.776,31.963],[78.775,31.963],[78.773,31.963],[78.772,31.963],[78.768,31.962],[78.767,31.961],[78.766,31.96],[78.765,31.959],[78.765,31.957],[78.764,31.954],[78.764,31.952],[78.764,31.951],[78.764,31.95],[78.763,31.949],[78.763,31.948],[78.768,31.946],[78.768,31.944],[78.769,31.941],[78.768,31.938],[78.767,31.936],[78.768,31.935],[78.769,31.931],[78.768,31.928],[78.766,31.926],[78.764,31.927],[78.761,31.926],[78.76,31.926],[78.759,31.924],[78.759,31.923],[78.759,31.922],[78.759,31.921],[78.754,31.915],[78.751,31.914],[78.75,31.913],[78.749,31.913],[78.749,31.912],[78.75,31.911],[78.75,31.91],[78.75,31.909],[78.75,31.908],[78.748,31.905],[78.747,31.904],[78.746,31.904],[78.744,31.902],[78.742,31.902],[78.743,31.9],[78.744,31.898],[78.745,31.898],[78.746,31.895],[78.746,31.894],[78.747,31.892],[78.748,31.891],[78.747,31.89],[78.746,31.889],[78.744,31.888],[78.743,31.887],[78.742,31.886],[78.741,31.885],[78.741,31.884],[78.742,31.884],[78.742,31.883],[78.743,31.883],[78.743,31.882],[78.744,31.882],[78.746,31.882],[78.746,31.881],[78.747,31.88],[78.747,31.879],[78.748,31.879],[78.748,31.878],[78.749,31.877],[78.749,31.876],[78.749,31.875],[78.749,31.874],[78.748,31.873],[78.748,31.872],[78.747,31.872],[78.747,31.871],[78.747,31.87],[78.746,31.87],[78.746,31.869],[78.745,31.869],[78.745,31.868],[78.744,31.868],[78.744,31.867],[78.744,31.866],[78.744,31.865],[78.744,31.864],[78.743,31.864],[78.743,31.863],[78.742,31.863],[78.742,31.862],[78.742,31.861],[78.741,31.861],[78.741,31.86],[78.741,31.859],[78.742,31.858],[78.743,31.858],[78.743,31.857],[78.744,31.857],[78.744,31.856],[78.744,31.855],[78.744,31.854],[78.744,31.853],[78.743,31.852],[78.743,31.851],[78.742,31.851],[78.742,31.85],[78.742,31.849],[78.741,31.849],[78.741,31.848],[78.74,31.848],[78.74,31.847],[78.74,31.846],[78.74,31.844],[78.74,31.843],[78.74,31.842],[78.739,31.841],[78.738,31.84],[78.738,31.839],[78.737,31.838],[78.736,31.838],[78.735,31.836],[78.735,31.835],[78.735,31.834],[78.734,31.833],[78.734,31.832],[78.734,31.831],[78.733,31.831],[78.732,31.831],[78.731,31.831],[78.73,31.83],[78.728,31.83],[78.727,31.829],[78.726,31.829],[78.724,31.828],[78.722,31.827],[78.721,31.826],[78.719,31.824],[78.718,31.823],[78.717,31.823],[78.717,31.822],[78.716,31.821],[78.715,31.82],[78.715,31.819],[78.714,31.818],[78.713,31.817],[78.712,31.817],[78.711,31.816],[78.71,31.815],[78.709,31.814],[78.708,31.814],[78.708,31.813],[78.707,31.813],[78.706,31.812],[78.705,31.811],[78.704,31.811],[78.704,31.81],[78.704,31.809],[78.703,31.808],[78.702,31.808],[78.702,31.807],[78.702,31.806],[78.703,31.804],[78.704,31.803],[78.705,31.802],[78.705,31.8],[78.703,31.796],[78.703,31.795],[78.704,31.794],[78.704,31.793],[78.704,31.792],[78.705,31.791],[78.705,31.79],[78.705,31.789],[78.705,31.788],[78.705,31.787],[78.707,31.786],[78.707,31.785],[78.707,31.783],[78.705,31.781],[78.705,31.78],[78.704,31.779],[78.704,31.778],[78.705,31.777],[78.705,31.776],[78.705,31.775],[78.705,31.774],[78.706,31.773],[78.707,31.773],[78.708,31.773],[78.708,31.772],[78.709,31.772],[78.71,31.771],[78.711,31.77],[78.712,31.77],[78.713,31.77],[78.713,31.769],[78.714,31.769],[78.715,31.769],[78.716,31.768],[78.716,31.767],[78.717,31.767],[78.717,31.766],[78.718,31.765],[78.719,31.765],[78.719,31.763],[78.72,31.761],[78.721,31.761],[78.722,31.761],[78.723,31.76],[78.724,31.76],[78.725,31.758],[78.726,31.757],[78.726,31.756],[78.726,31.754],[78.726,31.753],[78.725,31.752],[78.724,31.752],[78.725,31.751],[78.725,31.75],[78.726,31.749],[78.726,31.748],[78.727,31.748],[78.727,31.747],[78.728,31.746],[78.729,31.746],[78.729,31.745],[78.729,31.744],[78.727,31.743],[78.728,31.741],[78.728,31.74],[78.729,31.739],[78.73,31.737],[78.73,31.736],[78.731,31.735],[78.731,31.734],[78.73,31.733],[78.731,31.732],[78.731,31.731],[78.732,31.731],[78.733,31.73],[78.733,31.729],[78.733,31.728],[78.733,31.727],[78.734,31.726],[78.734,31.725],[78.734,31.724],[78.735,31.724],[78.735,31.723],[78.736,31.723],[78.737,31.723],[78.738,31.722],[78.738,31.721],[78.739,31.72],[78.74,31.72],[78.741,31.72],[78.741,31.719],[78.742,31.719],[78.743,31.719],[78.743,31.718],[78.743,31.717],[78.743,31.716],[78.743,31.715],[78.744,31.714],[78.744,31.713],[78.745,31.711],[78.745,31.71],[78.745,31.708],[78.745,31.707],[78.745,31.706],[78.745,31.705],[78.746,31.704],[78.747,31.703],[78.748,31.702],[78.748,31.701],[78.749,31.7],[78.75,31.699],[78.751,31.698],[78.752,31.698],[78.753,31.697],[78.753,31.696],[78.754,31.695],[78.754,31.694],[78.753,31.693],[78.753,31.692],[78.753,31.691],[78.754,31.689],[78.753,31.688],[78.752,31.688],[78.752,31.687],[78.75,31.686],[78.749,31.685],[78.749,31.684],[78.749,31.683],[78.75,31.683],[78.75,31.682],[78.751,31.681],[78.751,31.68],[78.752,31.68],[78.753,31.68],[78.754,31.679],[78.754,31.678],[78.755,31.678],[78.756,31.677],[78.757,31.677],[78.758,31.676],[78.759,31.676],[78.76,31.675],[78.761,31.675],[78.762,31.675],[78.763,31.675],[78.765,31.675],[78.766,31.675],[78.767,31.675],[78.768,31.675],[78.769,31.675],[78.77,31.675],[78.772,31.676],[78.773,31.676],[78.774,31.677],[78.775,31.677],[78.775,31.676],[78.776,31.676],[78.776,31.677],[78.777,31.677],[78.778,31.677],[78.779,31.677],[78.78,31.677],[78.781,31.678],[78.782,31.678],[78.783,31.678],[78.784,31.678],[78.785,31.678],[78.786,31.678],[78.787,31.678],[78.788,31.678],[78.789,31.678],[78.789,31.679],[78.79,31.68],[78.796,31.682],[78.797,31.682],[78.798,31.682],[78.799,31.682],[78.799,31.681],[78.799,31.68],[78.8,31.68],[78.801,31.678],[78.801,31.677],[78.8,31.676],[78.799,31.674],[78.798,31.672],[78.798,31.671],[78.798,31.67],[78.798,31.669],[78.798,31.668],[78.799,31.667],[78.799,31.666],[78.799,31.665],[78.799,31.664],[78.8,31.663],[78.8,31.662],[78.799,31.661],[78.798,31.66],[78.798,31.659],[78.799,31.657],[78.8,31.655],[78.8,31.654],[78.8,31.653],[78.801,31.652],[78.801,31.651],[78.802,31.65],[78.802,31.649],[78.802,31.648],[78.802,31.647],[78.803,31.647],[78.804,31.645],[78.805,31.644],[78.806,31.643],[78.806,31.642],[78.807,31.642],[78.808,31.641],[78.808,31.64],[78.808,31.639],[78.809,31.639],[78.81,31.638],[78.811,31.638],[78.812,31.638],[78.813,31.638],[78.814,31.638],[78.815,31.638],[78.816,31.638],[78.817,31.638],[78.818,31.638],[78.819,31.637],[78.819,31.636],[78.82,31.635],[78.821,31.635],[78.822,31.634],[78.822,31.633],[78.823,31.633],[78.823,31.632],[78.824,31.632],[78.825,31.632],[78.825,31.631],[78.825,31.63],[78.826,31.63],[78.827,31.63],[78.827,31.629],[78.828,31.629],[78.828,31.628],[78.828,31.627],[78.829,31.626],[78.828,31.626],[78.828,31.625],[78.829,31.625],[78.83,31.624],[78.832,31.624],[78.833,31.624],[78.834,31.624],[78.835,31.624],[78.835,31.623],[78.836,31.623],[78.837,31.623],[78.838,31.623],[78.839,31.623],[78.84,31.623],[78.84,31.622],[78.841,31.622],[78.842,31.622],[78.842,31.621],[78.842,31.62],[78.843,31.62],[78.843,31.619],[78.843,31.618],[78.843,31.617],[78.844,31.616],[78.844,31.615],[78.844,31.614],[78.845,31.613],[78.845,31.612],[78.846,31.611],[78.847,31.609],[78.847,31.608],[78.847,31.607],[78.846,31.606],[78.845,31.605],[78.845,31.604],[78.844,31.604],[78.844,31.603],[78.844,31.602],[78.843,31.601],[78.842,31.601],[78.842,31.6],[78.841,31.599],[78.841,31.598],[78.841,31.597],[78.84,31.597],[78.839,31.597],[78.838,31.597],[78.837,31.598],[78.836,31.598],[78.834,31.598],[78.833,31.598],[78.833,31.597],[78.832,31.597],[78.832,31.596],[78.832,31.595],[78.831,31.594],[78.83,31.593],[78.829,31.592],[78.828,31.591],[78.827,31.59],[78.827,31.588],[78.826,31.587],[78.826,31.586],[78.825,31.586],[78.823,31.585],[78.823,31.584],[78.822,31.583],[78.822,31.582],[78.822,31.581],[78.822,31.579],[78.821,31.578],[78.82,31.578],[78.819,31.578],[78.817,31.577],[78.816,31.577],[78.815,31.577],[78.814,31.577],[78.813,31.576],[78.812,31.577],[78.811,31.577],[78.81,31.577],[78.808,31.577],[78.807,31.577],[78.806,31.577],[78.807,31.576],[78.807,31.575],[78.807,31.574],[78.807,31.573],[78.806,31.572],[78.806,31.57],[78.805,31.568],[78.804,31.567],[78.803,31.566],[78.803,31.565],[78.802,31.565],[78.801,31.565],[78.801,31.564],[78.8,31.564],[78.799,31.563],[78.797,31.563],[78.795,31.562],[78.792,31.561],[78.789,31.559],[78.786,31.558],[78.783,31.556],[78.782,31.556],[78.781,31.556],[78.78,31.556],[78.779,31.555],[78.779,31.554],[78.779,31.553],[78.779,31.552],[78.778,31.552],[78.778,31.551],[78.777,31.55],[78.777,31.549],[78.777,31.548],[78.777,31.547],[78.777,31.546],[78.776,31.545],[78.776,31.544],[78.775,31.544],[78.774,31.544],[78.772,31.544],[78.77,31.544],[78.769,31.544],[78.768,31.544],[78.768,31.545],[78.767,31.545],[78.766,31.546],[78.764,31.548],[78.763,31.548],[78.762,31.549],[78.761,31.547],[78.76,31.545],[78.76,31.544],[78.759,31.543],[78.758,31.542],[78.757,31.542],[78.756,31.542],[78.755,31.542],[78.755,31.541],[78.754,31.541],[78.753,31.541],[78.752,31.541],[78.755,31.55],[78.803,31.618],[78.754,31.668],[78.693,31.74],[78.687,31.806],[78.717,31.88],[78.72,31.888],[78.735,31.958],[78.726,31.984],[78.678,32.023],[78.496,32.216],[78.487,32.234],[78.486,32.236],[78.455,32.3],[78.441,32.397],[78.417,32.467],[78.39,32.52],[78.39,32.527],[78.27,32.504],[78.304,32.596],[78.375,32.649],[78.367,32.765],[78.254,32.698],[78.115,32.668],[78.009,32.61],[77.939,32.695],[77.929,32.762],[77.858,32.873],[77.721,33.013],[77.539,32.918],[77.349,32.867],[77.136,32.927],[76.956,33.025],[76.74,33.197],[76.647,33.352],[76.488,33.502],[76.246,33.574],[76.236,33.729],[76.166,33.873],[76.024,33.982],[75.88,33.964],[75.742,34.066],[75.663,34.199],[75.585,34.21],[75.469,34.28],[75.375,34.371],[75.348,34.573],[75.264,34.601],[75.228,34.619],[75.23,34.619],[75.232,34.62],[75.234,34.621],[75.235,34.622],[75.237,34.623],[75.238,34.624],[75.24,34.626],[75.241,34.627],[75.242,34.629],[75.243,34.631],[75.244,34.632],[75.244,34.634],[75.244,34.635],[75.244,34.636],[75.246,34.642],[75.269,34.687],[75.269,34.688],[75.27,34.689],[75.271,34.691],[75.271,34.693],[75.272,34.695],[75.275,34.727],[75.275,34.729],[75.275,34.731],[75.275,34.732],[75.269,34.766],[75.268,34.768],[75.267,34.77],[75.267,34.772],[75.25,34.804],[75.248,34.806],[75.247,34.808],[75.223,34.835],[75.221,34.837],[75.175,34.877],[75.173,34.878],[75.171,34.88],[75.169,34.88],[75.149,34.889],[75.147,34.889],[75.145,34.89],[75.143,34.89],[75.141,34.89],[75.139,34.89],[75.137,34.89],[75.136,34.89],[75.119,34.886],[75.117,34.886],[75.115,34.885],[75.113,34.884],[75.112,34.884],[75.11,34.882],[75.077,34.857],[75.061,34.85],[75.025,34.844],[75.022,34.843],[75.001,34.837],[74.973,34.833],[74.93,34.833],[74.872,34.848],[74.807,34.87],[74.672,34.935],[74.649,34.954],[74.63,34.983],[74.591,35.056],[74.59,35.058],[74.565,35.092],[74.564,35.093],[74.562,35.095],[74.534,35.121],[74.533,35.122],[74.531,35.123],[74.529,35.124],[74.497,35.138],[74.495,35.139],[74.493,35.14],[74.492,35.14],[74.467,35.143],[74.465,35.144],[74.463,35.144],[74.461,35.143],[74.459,35.143],[74.407,35.131],[74.405,35.131],[74.347,35.113],[74.27,35.107],[74.179,35.118],[74.177,35.118],[74.175,35.118],[74.138,35.119],[74.132,35.119],[74.117,35.123],[74.116,35.123],[74.113,35.134],[74.113,35.135],[74.117,35.145],[74.112,35.153],[74.097,35.146],[74.08,35.156],[74.066,35.153],[74.055,35.153],[74.036,35.15],[74.018,35.167],[74.008,35.171],[74.003,35.185],[73.992,35.182],[73.975,35.175],[73.958,35.165],[73.945,35.188],[73.939,35.195],[73.926,35.21],[73.901,35.212],[73.899,35.211],[73.882,35.206],[73.871,35.205],[73.866,35.208],[73.863,35.21],[73.847,35.226],[73.832,35.227],[73.82,35.238],[73.809,35.243],[73.8,35.236],[73.785,35.234],[73.765,35.221],[73.75,35.221],[73.75,35.228],[73.75,35.231],[73.736,35.258],[73.735,35.26],[73.734,35.262],[73.73,35.274],[73.712,35.28],[73.711,35.281],[73.709,35.29],[73.71,35.298],[73.71,35.303],[73.708,35.305],[73.699,35.314],[73.698,35.318],[73.693,35.333],[73.693,35.339],[73.693,35.349],[73.698,35.352],[73.701,35.353],[73.698,35.371],[73.698,35.372],[73.699,35.372],[73.707,35.384],[73.71,35.39],[73.717,35.406],[73.727,35.419],[73.746,35.429],[73.753,35.432],[73.754,35.442],[73.755,35.443],[73.757,35.444],[73.767,35.446],[73.794,35.449],[73.786,35.463],[73.786,35.472],[73.786,35.479],[73.786,35.481],[73.785,35.483],[73.783,35.497],[73.785,35.519],[73.786,35.524],[73.774,35.524],[73.751,35.524],[73.747,35.526],[73.735,35.532],[73.712,35.533],[73.702,35.532],[73.693,35.531],[73.682,35.53],[73.666,35.531],[73.665,35.531],[73.648,35.534],[73.635,35.537],[73.632,35.538],[73.617,35.541],[73.588,35.541],[73.586,35.541],[73.572,35.54],[73.572,35.541],[73.552,35.541],[73.542,35.541]]]}},{"type":"Feature","properties":{"name":"Chandigarh"},"geometry":{"type":"Polygon","coordinates":[[[76.815,30.789],[76.827,30.681],[76.776,30.677],[76.704,30.781],[76.815,30.789]]]}},{"type":"Feature","properties":{"name":"Delhi"},"geometry":{"type":"Polygon","coordinates":[[[77.327,28.52],[77.27,28.51],[77.194,28.433],[77.101,28.476],[77.071,28.529],[76.873,28.519],[76.837,28.587],[76.947,28.696],[76.937,28.815],[77.068,28.882],[77.201,28.877],[77.227,28.784],[77.307,28.721],[77.338,28.626],[77.327,28.52]]]}},{"type":"Feature","properties":{"name":"Himachal Pradesh"},"geometry":{"type":"Polygon","coordinates":[[[78.39,32.527],[78.39,32.52],[78.417,32.467],[78.441,32.397],[78.455,32.3],[78.486,32.236],[78.487,32.234],[78.496,32.216],[78.678,32.023],[78.726,31.984],[78.735,31.958],[78.72,31.888],[78.717,31.88],[78.687,31.806],[78.693,31.74],[78.754,31.668],[78.803,31.618],[78.755,31.55],[78.727,31.472],[78.759,31.437],[78.743,31.324],[78.758,31.302],[78.792,31.294],[78.843,31.301],[78.845,31.302],[78.869,31.315],[78.993,31.163],[78.87,31.122],[78.793,31.207],[78.582,31.231],[78.501,31.22],[78.369,31.29],[78.284,31.29],[78.04,31.172],[77.941,31.173],[77.806,31.051],[77.789,30.931],[77.706,30.791],[77.813,30.521],[77.585,30.383],[77.303,30.46],[77.148,30.539],[77.15,30.664],[77.115,30.722],[77.002,30.777],[76.906,30.899],[76.768,30.908],[76.645,30.999],[76.561,31.277],[76.434,31.318],[76.374,31.419],[76.275,31.31],[76.158,31.339],[76.071,31.564],[75.923,31.806],[75.964,31.849],[75.88,31.972],[75.707,32.05],[75.602,32.069],[75.639,32.147],[75.623,32.259],[75.693,32.272],[75.912,32.431],[75.847,32.517],[75.923,32.617],[75.909,32.773],[75.805,32.899],[75.826,32.938],[75.972,32.911],[76.101,33.013],[76.216,33.051],[76.294,33.148],[76.397,33.198],[76.559,33.231],[76.626,33.189],[76.74,33.197],[76.956,33.025],[77.136,32.927],[77.349,32.867],[77.539,32.918],[77.721,33.013],[77.858,32.873],[77.929,32.762],[77.939,32.695],[78.009,32.61],[78.115,32.668],[78.254,32.698],[78.367,32.765],[78.375,32.649],[78.304,32.596],[78.27,32.504],[78.39,32.527]]]}},{"type":"Feature","properties":{"name":"Haryana"},"geometry":{"type":"Polygon","coordinates":[[[77.201,28.877],[77.068,28.882],[76.937,28.815],[76.947,28.696],[76.837,28.587],[76.873,28.519],[77.071,28.529],[77.101,28.476],[77.194,28.433],[77.27,28.51],[77.327,28.52],[77.497,28.393],[77.467,28.315],[77.529,28.253],[77.468,28.047],[77.526,27.974],[77.48,27.898],[77.424,27.891],[77.281,27.809],[77.041,27.807],[76.973,27.679],[76.901,27.734],[76.941,27.852],[76.921,28.034],[76.941,28.123],[76.857,28.229],[76.647,28.086],[76.658,28.017],[76.553,27.971],[76.453,28.163],[76.368,28.156],[76.267,28.077],[76.163,28.058],[76.18,27.91],[76.215,27.842],[76.0,27.843],[75.932,27.918],[75.993,28.051],[75.962,28.139],[76.032,28.188],[76.026,28.262],[75.887,28.404],[75.699,28.521],[75.594,28.643],[75.486,28.927],[75.515,28.996],[75.452,29.024],[75.393,29.106],[75.392,29.253],[75.328,29.296],[75.25,29.256],[75.107,29.238],[74.97,29.284],[74.907,29.378],[74.821,29.403],[74.759,29.364],[74.613,29.333],[74.537,29.441],[74.602,29.47],[74.575,29.59],[74.603,29.726],[74.506,29.737],[74.466,29.799],[74.547,29.861],[74.517,29.947],[74.651,29.914],[74.711,29.968],[74.823,29.985],[74.903,29.955],[74.996,29.873],[75.073,29.891],[75.105,29.821],[75.188,29.835],[75.238,29.749],[75.172,29.688],[75.235,29.562],[75.295,29.575],[75.312,29.656],[75.446,29.806],[75.604,29.765],[75.718,29.778],[75.786,29.831],[75.887,29.749],[75.957,29.739],[76.226,29.869],[76.178,29.955],[76.267,30.114],[76.43,30.14],[76.531,30.084],[76.625,30.143],[76.606,30.274],[76.714,30.337],[76.753,30.431],[76.905,30.384],[76.887,30.634],[76.827,30.681],[76.815,30.789],[76.833,30.842],[76.768,30.908],[76.906,30.899],[77.002,30.777],[77.115,30.722],[77.15,30.664],[77.148,30.539],[77.303,30.46],[77.585,30.383],[77.57,30.278],[77.285,30.038],[77.23,29.977],[77.18,29.804],[77.088,29.659],[77.065,29.57],[77.15,29.403],[77.131,29.281],[77.141,29.13],[77.196,28.998],[77.201,28.877]]]}},{"type":"Feature","properties":{"name":"Jammu and Kashmir"},"geometry":{"type":"Polygon","coordinates":[[[73.511,34.019],[73.515,34.037],[73.511,34.059],[73.511,34.06],[73.509,34.062],[73.503,34.069],[73.503,34.089],[73.501,34.103],[73.501,34.105],[73.501,34.107],[73.495,34.135],[73.495,34.136],[73.495,34.173],[73.495,34.187],[73.499,34.208],[73.491,34.229],[73.49,34.23],[73.474,34.256],[73.484,34.269],[73.485,34.271],[73.488,34.279],[73.48,34.291],[73.479,34.284],[73.47,34.28],[73.463,34.287],[73.462,34.288],[73.459,34.291],[73.452,34.3],[73.451,34.305],[73.449,34.321],[73.44,34.326],[73.44,34.327],[73.426,34.342],[73.425,34.343],[73.417,34.353],[73.408,34.362],[73.403,34.366],[73.401,34.371],[73.398,34.378],[73.413,34.386],[73.421,34.399],[73.424,34.407],[73.428,34.417],[73.429,34.42],[73.433,34.435],[73.432,34.444],[73.429,34.469],[73.435,34.479],[73.436,34.48],[73.443,34.495],[73.444,34.505],[73.437,34.525],[73.436,34.527],[73.438,34.529],[73.448,34.536],[73.448,34.541],[73.449,34.559],[73.452,34.567],[73.453,34.569],[73.466,34.575],[73.474,34.575],[73.48,34.571],[73.484,34.573],[73.496,34.577],[73.509,34.573],[73.523,34.57],[73.537,34.572],[73.549,34.578],[73.551,34.582],[73.557,34.588],[73.564,34.59],[73.568,34.588],[73.574,34.584],[73.591,34.585],[73.606,34.585],[73.614,34.583],[73.618,34.582],[73.628,34.577],[73.636,34.565],[73.644,34.561],[73.655,34.562],[73.657,34.563],[73.664,34.572],[73.666,34.58],[73.663,34.59],[73.662,34.594],[73.659,34.599],[73.666,34.608],[73.693,34.639],[73.7,34.648],[73.686,34.656],[73.67,34.661],[73.664,34.663],[73.665,34.67],[73.673,34.682],[73.687,34.692],[73.686,34.706],[73.696,34.713],[73.704,34.719],[73.716,34.736],[73.716,34.745],[73.723,34.747],[73.728,34.754],[73.728,34.764],[73.744,34.773],[73.751,34.777],[73.754,34.779],[73.778,34.795],[73.795,34.79],[73.797,34.792],[73.801,34.794],[73.816,34.793],[73.831,34.791],[73.838,34.802],[73.838,34.814],[73.853,34.815],[73.861,34.812],[73.865,34.809],[73.871,34.814],[73.887,34.815],[73.898,34.82],[73.914,34.815],[73.928,34.811],[73.934,34.817],[73.934,34.832],[73.946,34.835],[73.968,34.836],[73.972,34.85],[73.978,34.866],[73.99,34.865],[73.995,34.865],[74.004,34.869],[74.008,34.875],[74.022,34.874],[74.029,34.877],[74.045,34.89],[74.04,34.899],[74.039,34.914],[74.048,34.922],[74.064,34.931],[74.072,34.938],[74.067,34.957],[74.062,34.976],[74.06,34.982],[74.061,34.989],[74.069,34.997],[74.076,34.998],[74.087,34.999],[74.097,35.001],[74.107,35.01],[74.111,35.018],[74.108,35.026],[74.095,35.032],[74.083,35.037],[74.077,35.048],[74.081,35.063],[74.087,35.083],[74.095,35.091],[74.119,35.101],[74.129,35.105],[74.132,35.119],[74.138,35.119],[74.175,35.118],[74.177,35.118],[74.179,35.118],[74.27,35.107],[74.347,35.113],[74.405,35.131],[74.407,35.131],[74.459,35.143],[74.461,35.143],[74.463,35.144],[74.465,35.144],[74.467,35.143],[74.492,35.14],[74.493,35.14],[74.495,35.139],[74.497,35.138],[74.529,35.124],[74.531,35.123],[74.533,35.122],[74.534,35.121],[74.562,35.095],[74.564,35.093],[74.565,35.092],[74.59,35.058],[74.591,35.056],[74.63,34.983],[74.649,34.954],[74.672,34.935],[74.807,34.87],[74.872,34.848],[74.93,34.833],[74.973,34.833],[75.001,34.837],[75.022,34.843],[75.025,34.844],[75.061,34.85],[75.077,34.857],[75.11,34.882],[75.112,34.884],[75.113,34.884],[75.115,34.885],[75.117,34.886],[75.119,34.886],[75.136,34.89],[75.137,34.89],[75.139,34.89],[75.141,34.89],[75.143,34.89],[75.145,34.89],[75.147,34.889],[75.149,34.889],[75.169,34.88],[75.171,34.88],[75.173,34.878],[75.175,34.877],[75.221,34.837],[75.223,34.835],[75.247,34.808],[75.248,34.806],[75.25,34.804],[75.267,34.772],[75.267,34.77],[75.268,34.768],[75.269,34.766],[75.275,34.732],[75.275,34.731],[75.275,34.729],[75.275,34.727],[75.272,34.695],[75.271,34.693],[75.271,34.691],[75.27,34.689],[75.269,34.688],[75.269,34.687],[75.246,34.642],[75.244,34.636],[75.244,34.635],[75.244,34.634],[75.244,34.632],[75.243,34.631],[75.242,34.629],[75.241,34.627],[75.24,34.626],[75.238,34.624],[75.237,34.623],[75.235,34.622],[75.234,34.621],[75.232,34.62],[75.23,34.619],[75.228,34.619],[75.264,34.601],[75.348,34.573],[75.375,34.371],[75.469,34.28],[75.585,34.21],[75.663,34.199],[75.742,34.066],[75.88,33.964],[76.024,33.982],[76.166,33.873],[76.236,33.729],[76.246,33.574],[76.488,33.502],[76.647,33.352],[76.74,33.197],[76.626,33.189],[76.559,33.231],[76.397,33.198],[76.294,33.148],[76.216,33.051],[76.101,33.013],[75.972,32.911],[75.826,32.938],[75.805,32.899],[75.909,32.773],[75.923,32.617],[75.847,32.517],[75.743,32.464],[75.683,32.4],[75.612,32.395],[75.502,32.301],[75.39,32.335],[75.293,32.326],[75.234,32.372],[75.104,32.42],[74.987,32.462],[74.789,32.458],[74.686,32.494],[74.658,32.519],[74.643,32.608],[74.663,32.758],[74.632,32.771],[74.588,32.753],[74.483,32.771],[74.355,32.769],[74.306,32.81],[74.311,32.821],[74.309,32.821],[74.294,32.828],[74.289,32.831],[74.288,32.831],[74.275,32.838],[74.251,32.85],[74.237,32.856],[74.213,32.866],[74.202,32.872],[74.202,32.873],[74.192,32.877],[74.185,32.879],[74.177,32.882],[74.173,32.883],[74.17,32.886],[74.165,32.889],[74.164,32.89],[74.147,32.896],[74.14,32.899],[74.132,32.902],[74.123,32.906],[74.117,32.909],[74.116,32.909],[74.109,32.913],[74.108,32.914],[74.098,32.918],[74.093,32.922],[74.083,32.928],[74.075,32.931],[74.053,32.931],[74.038,32.938],[74.036,32.938],[74.035,32.938],[74.034,32.939],[74.028,32.942],[74.019,32.946],[74.002,32.954],[74.001,32.954],[73.984,32.967],[73.972,32.982],[73.959,33.0],[73.956,33.004],[73.952,33.01],[73.951,33.012],[73.948,33.016],[73.945,33.02],[73.926,33.034],[73.904,33.039],[73.896,33.038],[73.888,33.036],[73.883,33.036],[73.878,33.035],[73.857,33.026],[73.855,33.025],[73.847,33.021],[73.83,33.012],[73.816,33.01],[73.795,33.015],[73.783,33.019],[73.776,33.021],[73.774,33.023],[73.77,33.027],[73.769,33.029],[73.765,33.034],[73.763,33.035],[73.755,33.048],[73.754,33.049],[73.749,33.054],[73.746,33.056],[73.744,33.057],[73.738,33.06],[73.73,33.064],[73.727,33.065],[73.72,33.067],[73.711,33.069],[73.703,33.071],[73.701,33.071],[73.696,33.073],[73.693,33.073],[73.692,33.074],[73.68,33.076],[73.674,33.077],[73.667,33.078],[73.663,33.079],[73.656,33.08],[73.653,33.08],[73.648,33.084],[73.647,33.085],[73.645,33.086],[73.642,33.088],[73.641,33.089],[73.636,33.092],[73.634,33.093],[73.629,33.103],[73.626,33.111],[73.624,33.114],[73.625,33.132],[73.631,33.135],[73.638,33.139],[73.64,33.14],[73.657,33.145],[73.67,33.152],[73.671,33.157],[73.671,33.163],[73.671,33.178],[73.67,33.211],[73.669,33.212],[73.662,33.221],[73.655,33.222],[73.65,33.223],[73.647,33.223],[73.646,33.231],[73.645,33.234],[73.627,33.242],[73.625,33.255],[73.623,33.265],[73.614,33.279],[73.618,33.289],[73.611,33.301],[73.604,33.319],[73.604,33.321],[73.606,33.327],[73.608,33.335],[73.607,33.336],[73.606,33.336],[73.599,33.341],[73.597,33.341],[73.589,33.342],[73.579,33.358],[73.576,33.377],[73.583,33.403],[73.592,33.413],[73.602,33.435],[73.616,33.448],[73.623,33.453],[73.63,33.456],[73.63,33.457],[73.63,33.458],[73.626,33.472],[73.612,33.492],[73.612,33.496],[73.612,33.498],[73.612,33.508],[73.616,33.514],[73.621,33.52],[73.626,33.524],[73.628,33.525],[73.63,33.526],[73.634,33.526],[73.633,33.54],[73.626,33.545],[73.626,33.548],[73.626,33.549],[73.626,33.555],[73.626,33.557],[73.626,33.56],[73.627,33.564],[73.628,33.566],[73.628,33.568],[73.625,33.573],[73.622,33.578],[73.614,33.588],[73.611,33.592],[73.608,33.595],[73.607,33.597],[73.606,33.599],[73.602,33.606],[73.598,33.61],[73.593,33.614],[73.579,33.624],[73.572,33.63],[73.574,33.639],[73.576,33.645],[73.577,33.651],[73.577,33.658],[73.577,33.667],[73.584,33.673],[73.596,33.681],[73.596,33.683],[73.601,33.699],[73.601,33.706],[73.601,33.708],[73.601,33.709],[73.601,33.719],[73.601,33.72],[73.601,33.724],[73.599,33.74],[73.59,33.753],[73.584,33.764],[73.582,33.768],[73.581,33.769],[73.581,33.77],[73.58,33.77],[73.58,33.771],[73.579,33.773],[73.578,33.774],[73.577,33.776],[73.576,33.777],[73.575,33.779],[73.574,33.78],[73.572,33.784],[73.571,33.785],[73.57,33.787],[73.569,33.791],[73.569,33.792],[73.568,33.793],[73.568,33.794],[73.568,33.795],[73.568,33.796],[73.567,33.796],[73.567,33.797],[73.567,33.798],[73.567,33.799],[73.568,33.801],[73.568,33.802],[73.569,33.804],[73.569,33.805],[73.57,33.806],[73.57,33.807],[73.57,33.808],[73.571,33.81],[73.571,33.811],[73.571,33.812],[73.572,33.813],[73.572,33.814],[73.572,33.815],[73.573,33.817],[73.573,33.818],[73.574,33.82],[73.574,33.821],[73.575,33.823],[73.576,33.825],[73.576,33.826],[73.576,33.827],[73.577,33.828],[73.577,33.829],[73.578,33.83],[73.578,33.831],[73.579,33.832],[73.579,33.833],[73.579,33.834],[73.579,33.835],[73.58,33.836],[73.58,33.837],[73.581,33.838],[73.582,33.84],[73.582,33.842],[73.583,33.843],[73.584,33.847],[73.586,33.851],[73.587,33.853],[73.588,33.855],[73.591,33.86],[73.592,33.863],[73.592,33.865],[73.593,33.875],[73.593,33.876],[73.593,33.879],[73.594,33.885],[73.594,33.887],[73.595,33.892],[73.594,33.894],[73.593,33.897],[73.592,33.899],[73.591,33.901],[73.59,33.902],[73.589,33.906],[73.588,33.907],[73.587,33.908],[73.586,33.909],[73.585,33.91],[73.582,33.912],[73.58,33.913],[73.579,33.914],[73.576,33.916],[73.574,33.917],[73.569,33.92],[73.568,33.922],[73.567,33.923],[73.566,33.925],[73.565,33.926],[73.564,33.927],[73.564,33.928],[73.563,33.929],[73.561,33.931],[73.559,33.933],[73.558,33.936],[73.556,33.938],[73.553,33.942],[73.551,33.945],[73.548,33.948],[73.547,33.95],[73.545,33.952],[73.544,33.954],[73.544,33.955],[73.543,33.955],[73.542,33.96],[73.539,33.965],[73.539,33.966],[73.539,33.967],[73.538,33.97],[73.536,33.974],[73.535,33.983],[73.535,33.988],[73.533,33.99],[73.527,33.994],[73.519,34.0],[73.524,34.013],[73.511,34.019]],[[73.954,34.642],[73.939,34.631],[73.938,34.622],[73.939,34.618],[73.954,34.642]],[[73.796,34.373],[73.795,34.372],[73.799,34.361],[73.796,34.373]]]}},{"type":"Feature","properties":{"name":"Andhra Pradesh"},"geometry":{"type":"Polygon","coordinates":[[[80.231,13.468],[80.098,13.464],[79.962,13.417],[79.957,13.366],[79.816,13.295],[79.785,13.224],[79.697,13.236],[79.668,13.291],[79.572,13.284],[79.544,13.324],[79.45,13.331],[79.42,13.22],[79.315,13.132],[79.251,13.148],[79.162,13.045],[79.078,13.036],[78.944,13.093],[78.736,13.061],[78.645,12.992],[78.583,12.778],[78.419,12.633],[78.353,12.642],[78.23,12.76],[78.286,12.843],[78.416,12.948],[78.516,13.089],[78.568,13.275],[78.381,13.323],[78.35,13.376],[78.375,13.58],[78.184,13.602],[78.068,13.699],[78.097,13.809],[78.033,13.885],[77.921,13.83],[77.879,13.917],[77.735,13.824],[77.593,13.767],[77.499,13.704],[77.443,13.702],[77.384,13.847],[77.292,13.848],[77.152,13.904],[77.103,13.85],[77.133,13.785],[77.032,13.746],[76.959,13.782],[77.01,13.905],[76.936,14.011],[76.943,14.061],[76.873,14.137],[76.974,14.156],[76.995,14.066],[77.112,14.005],[77.289,14.011],[77.332,13.908],[77.388,13.963],[77.328,14.052],[77.369,14.163],[77.468,14.192],[77.461,14.29],[77.384,14.262],[77.278,14.296],[77.257,14.334],[77.111,14.33],[77.045,14.232],[76.908,14.258],[76.862,14.347],[76.932,14.458],[76.83,14.479],[76.753,14.566],[76.762,14.764],[76.8,14.795],[76.822,14.921],[76.719,14.99],[76.764,15.094],[76.948,15.022],[77.08,15.037],[77.128,15.132],[77.105,15.308],[77.026,15.351],[77.0,15.614],[77.085,15.667],[77.025,15.781],[77.034,15.874],[77.144,15.961],[77.226,15.976],[77.446,15.953],[77.641,15.901],[77.85,15.894],[77.888,15.919],[78.087,15.833],[78.235,15.95],[78.256,16.006],[78.4,16.083],[78.5,16.094],[78.734,16.03],[78.839,16.067],[78.839,16.125],[79.022,16.247],[79.161,16.219],[79.215,16.244],[79.233,16.331],[79.213,16.493],[79.266,16.57],[79.406,16.587],[79.504,16.642],[79.721,16.689],[79.752,16.724],[79.882,16.703],[79.958,16.63],[80.043,16.739],[80.073,16.823],[80.002,16.871],[80.078,16.973],[80.22,17.033],[80.281,16.997],[80.351,16.862],[80.506,16.792],[80.586,16.934],[80.474,16.937],[80.384,16.976],[80.502,17.108],[80.591,17.14],[80.67,17.08],[80.83,17.046],[80.893,17.156],[80.99,17.218],[81.144,17.25],[81.214,17.324],[81.408,17.371],[81.47,17.42],[81.535,17.638],[81.629,17.763],[81.776,17.833],[81.759,17.909],[81.924,18.0],[82.042,18.043],[82.132,18.039],[82.24,17.993],[82.33,18.044],[82.353,18.155],[82.31,18.195],[82.361,18.292],[82.368,18.414],[82.449,18.522],[82.503,18.511],[82.511,18.422],[82.597,18.325],[82.587,18.244],[82.781,18.358],[82.78,18.417],[82.878,18.409],[82.904,18.355],[83.039,18.39],[83.037,18.469],[83.084,18.525],[83.028,18.641],[83.127,18.758],[83.202,18.742],[83.394,18.869],[83.327,18.93],[83.341,19.005],[83.424,18.964],[83.49,19.052],[83.573,19.07],[83.613,19.13],[83.706,19.001],[83.802,19.0],[83.854,18.86],[83.902,18.806],[84.071,18.818],[84.153,18.788],[84.318,18.809],[84.463,18.946],[84.525,19.033],[84.641,19.101],[84.695,19.161],[84.77,19.121],[84.75,19.05],[84.691,18.965],[84.609,18.884],[84.463,18.69],[84.182,18.401],[84.104,18.293],[83.654,18.07],[83.572,18.004],[83.388,17.787],[83.198,17.609],[82.977,17.462],[82.593,17.274],[82.36,17.096],[82.287,16.978],[82.282,16.936],[82.307,16.879],[82.35,16.825],[82.36,16.783],[82.339,16.707],[82.327,16.664],[82.259,16.56],[82.142,16.485],[81.762,16.329],[81.712,16.334],[81.402,16.365],[81.286,16.337],[81.239,16.264],[81.132,15.962],[81.03,15.881],[80.993,15.809],[80.979,15.758],[80.918,15.76],[80.865,15.782],[80.826,15.766],[80.782,15.867],[80.708,15.888],[80.647,15.895],[80.385,15.793],[80.293,15.711],[80.101,15.324],[80.053,15.074],[80.099,14.798],[80.165,14.578],[80.179,14.478],[80.17,14.349],[80.136,14.287],[80.112,14.212],[80.144,14.059],[80.224,13.858],[80.244,13.773],[80.246,13.686],[80.293,13.529],[80.277,13.511],[80.266,13.521],[80.233,13.606],[80.156,13.714],[80.062,13.606],[80.114,13.529],[80.231,13.468]]]}},{"type":"Feature","properties":{"name":"Kerala"},"geometry":{"type":"Polygon","coordinates":[[[74.894,12.751],[75.102,12.679],[75.312,12.469],[75.389,12.295],[75.426,12.292],[75.537,12.169],[75.629,12.102],[75.761,12.069],[75.776,12.01],[75.846,11.951],[75.961,11.929],[76.056,11.964],[76.115,11.857],[76.177,11.857],[76.317,11.747],[76.389,11.744],[76.416,11.667],[76.339,11.591],[76.241,11.604],[76.256,11.478],[76.409,11.437],[76.495,11.385],[76.534,11.313],[76.466,11.205],[76.641,11.209],[76.719,11.139],[76.69,10.933],[76.82,10.876],[76.89,10.78],[76.876,10.678],[76.821,10.633],[76.809,10.437],[76.842,10.311],[76.928,10.236],[76.986,10.231],[77.065,10.296],[77.191,10.351],[77.277,10.21],[77.224,10.058],[77.26,9.962],[77.226,9.859],[77.235,9.765],[77.188,9.613],[77.263,9.557],[77.341,9.58],[77.399,9.5],[77.312,9.301],[77.255,9.122],[77.165,9.001],[77.203,8.894],[77.249,8.859],[77.235,8.784],[77.179,8.695],[77.204,8.612],[77.279,8.526],[77.166,8.337],[77.11,8.284],[77.066,8.316],[76.967,8.407],[76.617,8.847],[76.553,8.903],[76.483,9.091],[76.472,9.161],[76.452,9.189],[76.419,9.208],[76.403,9.237],[76.325,9.452],[76.292,9.676],[76.242,9.927],[76.285,9.91],[76.343,9.827],[76.372,9.707],[76.376,9.54],[76.42,9.52],[76.459,9.536],[76.346,9.922],[76.249,10.018],[76.223,10.024],[76.196,10.086],[76.193,10.164],[76.201,10.201],[76.123,10.327],[76.096,10.402],[75.923,10.784],[75.845,11.058],[75.724,11.362],[75.646,11.468],[75.525,11.703],[75.423,11.812],[75.315,11.958],[75.23,12.023],[75.229,12.024],[75.197,12.058],[74.946,12.565],[74.894,12.751]]]}},{"type":"Feature","properties":{"name":"Lakshadweep"},"geometry":{"type":"MultiPolygon","coordinates":[[[[73.053,8.257],[73.039,8.252],[73.029,8.254],[73.023,8.266],[73.026,8.275],[73.039,8.265],[73.056,8.275],[73.075,8.306],[73.079,8.317],[73.084,8.311],[73.08,8.293],[73.067,8.269],[73.053,8.257]]],[[[72.788,11.216],[72.78,11.202],[72.773,11.196],[72.772,11.214],[72.782,11.243],[72.793,11.263],[72.796,11.26],[72.793,11.242],[72.788,11.216]]]]}},{"type":"Feature","properties":{"name":"Odisha"},"geometry":{"type":"Polygon","coordinates":[[[87.479,21.608],[87.201,21.545],[87.101,21.501],[86.954,21.365],[86.86,21.237],[86.842,21.106],[86.896,20.966],[86.939,20.745],[86.975,20.7],[86.925,20.62],[86.836,20.534],[86.763,20.419],[86.769,20.356],[86.75,20.313],[86.499,20.172],[86.446,20.089],[86.377,20.007],[86.294,20.054],[86.245,20.053],[86.312,19.988],[86.303,19.945],[86.279,19.919],[86.216,19.896],[85.853,19.792],[85.575,19.693],[85.497,19.697],[85.511,19.727],[85.56,19.753],[85.555,19.867],[85.504,19.888],[85.46,19.896],[85.249,19.758],[85.163,19.621],[85.181,19.595],[85.229,19.601],[85.371,19.679],[85.437,19.657],[85.442,19.627],[85.226,19.508],[84.771,19.125],[84.77,19.121],[84.695,19.161],[84.641,19.101],[84.525,19.033],[84.463,18.946],[84.318,18.809],[84.153,18.788],[84.071,18.818],[83.902,18.806],[83.854,18.86],[83.802,19.0],[83.706,19.001],[83.613,19.13],[83.573,19.07],[83.49,19.052],[83.424,18.964],[83.341,19.005],[83.327,18.93],[83.394,18.869],[83.202,18.742],[83.127,18.758],[83.028,18.641],[83.084,18.525],[83.037,18.469],[83.039,18.39],[82.904,18.355],[82.878,18.409],[82.78,18.417],[82.781,18.358],[82.587,18.244],[82.597,18.325],[82.511,18.422],[82.503,18.511],[82.449,18.522],[82.368,18.414],[82.361,18.292],[82.31,18.195],[82.353,18.155],[82.33,18.044],[82.24,17.993],[82.132,18.039],[82.042,18.043],[81.924,18.0],[81.759,17.909],[81.578,17.797],[81.394,17.807],[81.444,17.88],[81.543,18.262],[81.644,18.292],[81.741,18.358],[81.792,18.438],[81.913,18.545],[81.904,18.622],[81.969,18.686],[82.139,18.747],[82.169,18.879],[82.224,18.922],[82.225,19.015],[82.145,19.244],[82.169,19.387],[82.029,19.518],[82.029,19.776],[81.824,19.913],[81.868,20.047],[81.94,20.105],[82.046,20.018],[82.096,20.051],[82.228,19.959],[82.29,19.836],[82.381,19.886],[82.682,19.823],[82.695,20.001],[82.611,19.988],[82.416,20.067],[82.434,20.159],[82.422,20.428],[82.34,20.556],[82.367,20.657],[82.342,20.861],[82.454,20.847],[82.562,20.954],[82.668,21.155],[82.965,21.179],[83.078,21.115],[83.198,21.173],[83.279,21.359],[83.361,21.337],[83.381,21.4],[83.328,21.499],[83.352,21.577],[83.444,21.719],[83.473,21.807],[83.557,21.835],[83.571,21.923],[83.515,21.964],[83.546,22.102],[83.605,22.196],[83.733,22.262],[83.841,22.349],[83.946,22.371],[83.996,22.441],[83.97,22.539],[84.067,22.5],[84.148,22.387],[84.311,22.324],[84.421,22.331],[84.53,22.423],[84.734,22.427],[84.801,22.45],[84.908,22.422],[85.066,22.503],[85.1,22.394],[85.088,22.28],[84.985,22.113],[85.109,22.108],[85.232,22.035],[85.324,22.127],[85.425,22.164],[85.551,22.108],[85.679,22.076],[85.792,22.129],[85.785,22.012],[85.834,21.986],[85.916,22.022],[85.974,22.105],[85.965,22.245],[85.987,22.394],[85.939,22.501],[86.04,22.557],[86.102,22.5],[86.268,22.422],[86.366,22.33],[86.487,22.337],[86.687,22.218],[86.834,22.122],[86.987,22.067],[86.994,21.972],[87.059,21.907],[87.113,21.971],[87.191,21.956],[87.232,21.848],[87.275,21.814],[87.409,21.786],[87.479,21.608]]]}},{"type":"Feature","properties":{"name":"Dadra and Nagar Haveli and Daman and Diu"},"geometry":{"type":"Polygon","coordinates":[[[73.166,20.115],[73.161,20.047],[72.997,20.04],[72.947,20.127],[72.897,20.222],[73.05,20.33],[73.112,20.255],[73.047,20.221],[73.042,20.158],[73.166,20.115]]]}},{"type":"Feature","properties":{"name":"Karnataka"},"geometry":{"type":"Polygon","coordinates":[[[74.894,12.751],[74.868,12.845],[74.803,12.977],[74.771,13.077],[74.682,13.507],[74.682,13.584],[74.671,13.668],[74.608,13.85],[74.499,14.046],[74.467,14.169],[74.467,14.217],[74.397,14.407],[74.382,14.495],[74.335,14.575],[74.28,14.65],[74.223,14.709],[74.097,14.89],[74.241,14.956],[74.26,15.098],[74.293,15.188],[74.241,15.238],[74.304,15.289],[74.237,15.472],[74.258,15.519],[74.227,15.63],[74.101,15.64],[74.186,15.766],[74.224,15.726],[74.331,15.762],[74.354,15.873],[74.429,15.994],[74.416,16.096],[74.47,16.11],[74.452,16.254],[74.366,16.293],[74.292,16.528],[74.353,16.544],[74.43,16.644],[74.525,16.624],[74.557,16.552],[74.666,16.606],[74.685,16.708],[74.867,16.776],[74.845,16.852],[74.922,16.889],[74.96,16.951],[75.043,16.953],[75.167,16.868],[75.243,16.902],[75.256,16.959],[75.371,16.984],[75.453,16.964],[75.554,17.015],[75.617,16.975],[75.647,17.091],[75.605,17.158],[75.622,17.221],[75.553,17.366],[75.613,17.472],[75.784,17.375],[75.87,17.416],[75.936,17.326],[76.095,17.378],[76.21,17.389],[76.344,17.352],[76.322,17.618],[76.391,17.637],[76.513,17.773],[76.593,17.771],[76.676,17.707],[76.756,17.826],[76.741,17.898],[76.839,17.884],[76.885,17.974],[76.893,18.144],[76.95,18.18],[77.088,18.197],[77.118,18.254],[77.231,18.334],[77.233,18.411],[77.302,18.46],[77.347,18.352],[77.461,18.282],[77.551,18.308],[77.6,18.115],[77.563,18.071],[77.621,17.987],[77.62,17.926],[77.5,17.812],[77.525,17.746],[77.464,17.713],[77.412,17.631],[77.493,17.578],[77.583,17.579],[77.599,17.487],[77.374,17.223],[77.465,17.043],[77.433,16.935],[77.411,16.721],[77.432,16.594],[77.371,16.524],[77.257,16.449],[77.294,16.407],[77.533,16.361],[77.491,16.262],[77.484,16.002],[77.446,15.953],[77.226,15.976],[77.144,15.961],[77.034,15.874],[77.025,15.781],[77.085,15.667],[77.0,15.614],[77.026,15.351],[77.105,15.308],[77.128,15.132],[77.08,15.037],[76.948,15.022],[76.764,15.094],[76.719,14.99],[76.822,14.921],[76.8,14.795],[76.762,14.764],[76.753,14.566],[76.83,14.479],[76.932,14.458],[76.862,14.347],[76.908,14.258],[77.045,14.232],[77.111,14.33],[77.257,14.334],[77.278,14.296],[77.384,14.262],[77.461,14.29],[77.468,14.192],[77.369,14.163],[77.328,14.052],[77.388,13.963],[77.332,13.908],[77.289,14.011],[77.112,14.005],[76.995,14.066],[76.974,14.156],[76.873,14.137],[76.943,14.061],[76.936,14.011],[77.01,13.905],[76.959,13.782],[77.032,13.746],[77.133,13.785],[77.103,13.85],[77.152,13.904],[77.292,13.848],[77.384,13.847],[77.443,13.702],[77.499,13.704],[77.593,13.767],[77.735,13.824],[77.879,13.917],[77.921,13.83],[78.033,13.885],[78.097,13.809],[78.068,13.699],[78.184,13.602],[78.375,13.58],[78.35,13.376],[78.381,13.323],[78.568,13.275],[78.516,13.089],[78.416,12.948],[78.286,12.843],[78.23,12.76],[78.056,12.846],[78.002,12.807],[77.895,12.873],[77.801,12.857],[77.765,12.719],[77.609,12.673],[77.569,12.56],[77.619,12.467],[77.561,12.34],[77.472,12.274],[77.492,12.205],[77.668,12.204],[77.769,12.12],[77.671,11.971],[77.49,11.926],[77.434,11.812],[77.354,11.784],[77.259,11.817],[77.122,11.793],[77.083,11.757],[76.997,11.826],[76.908,11.8],[76.821,11.626],[76.751,11.642],[76.605,11.631],[76.532,11.709],[76.465,11.715],[76.416,11.667],[76.389,11.744],[76.317,11.747],[76.177,11.857],[76.115,11.857],[76.056,11.964],[75.961,11.929],[75.846,11.951],[75.776,12.01],[75.761,12.069],[75.629,12.102],[75.537,12.169],[75.426,12.292],[75.389,12.295],[75.312,12.469],[75.102,12.679],[74.894,12.751]]]}},{"type":"Feature","properties":{"name":"Goa"},"geometry":{"type":"Polygon","coordinates":[[[73.679,15.711],[73.808,15.775],[73.908,15.721],[73.942,15.634],[73.992,15.611],[74.095,15.643],[74.104,15.645],[74.101,15.64],[74.227,15.63],[74.258,15.519],[74.237,15.472],[74.304,15.289],[74.241,15.238],[74.293,15.188],[74.26,15.098],[74.241,14.956],[74.097,14.89],[74.089,14.902],[74.041,14.949],[73.949,15.075],[73.884,15.306],[73.801,15.397],[73.932,15.397],[73.852,15.482],[73.814,15.539],[73.772,15.573],[73.833,15.659],[73.733,15.657],[73.68,15.709],[73.679,15.711]]]}},{"type":"Feature","properties":{"name":"Andaman and Nicobar"},"geometry":{"type":"MultiPolygon","coordinates":[[[[93.016,13.336],[93.074,13.252],[93.066,13.222],[93.043,13.155],[93.005,13.089],[92.951,13.062],[92.91,12.975],[92.886,12.942],[92.965,12.85],[92.99,12.539],[92.933,12.453],[92.864,12.436],[92.879,12.228],[92.867,12.181],[92.799,12.079],[92.786,12.035],[92.748,11.993],[92.764,11.94],[92.797,11.918],[92.798,11.875],[92.767,11.765],[92.765,11.639],[92.723,11.536],[92.701,11.513],[92.668,11.539],[92.576,11.718],[92.56,11.833],[92.534,11.873],[92.567,11.931],[92.608,11.95],[92.632,12.014],[92.641,12.112],[92.676,12.192],[92.695,12.215],[92.769,12.216],[92.788,12.226],[92.778,12.303],[92.734,12.336],[92.719,12.357],[92.721,12.541],[92.732,12.616],[92.759,12.669],[92.74,12.78],[92.753,12.821],[92.807,12.879],[92.831,13.003],[92.809,13.04],[92.86,13.231],[92.857,13.358],[92.925,13.486],[93.029,13.544],[93.062,13.545],[93.067,13.436],[93.077,13.401],[93.016,13.336]]],[[[93.017,12.037],[93.062,11.899],[92.982,11.959],[92.955,12.002],[92.996,12.032],[93.017,12.037]]],[[[92.68,12.939],[92.694,12.957],[92.711,12.962],[92.731,12.949],[92.718,12.865],[92.686,12.8],[92.68,12.939]]],[[[92.51,10.897],[92.554,10.8],[92.574,10.704],[92.503,10.555],[92.473,10.521],[92.37,10.547],[92.377,10.651],[92.353,10.751],[92.371,10.794],[92.448,10.866],[92.51,10.897]]],[[[92.69,11.463],[92.687,11.411],[92.693,11.381],[92.645,11.361],[92.596,11.386],[92.634,11.427],[92.64,11.509],[92.69,11.463]]],[[[93.375,8.018],[93.434,7.948],[93.447,7.899],[93.443,7.878],[93.365,7.877],[93.342,7.919],[93.309,7.964],[93.334,8.007],[93.375,8.018]]],[[[92.713,9.205],[92.739,9.231],[92.762,9.244],[92.786,9.241],[92.809,9.173],[92.787,9.137],[92.744,9.131],[92.717,9.165],[92.713,9.205]]],[[[93.655,7.38],[93.692,7.411],[93.734,7.356],[93.638,7.262],[93.597,7.319],[93.614,7.358],[93.655,7.38]]],[[[93.097,8.349],[93.141,8.25],[93.171,8.212],[93.115,8.219],[93.064,8.275],[93.078,8.328],[93.097,8.349]]],[[[93.859,7.207],[93.93,6.973],[93.89,6.831],[93.829,6.749],[93.709,7.001],[93.658,7.016],[93.656,7.136],[93.684,7.184],[93.822,7.237],[93.859,7.207]]]]}},{"type":"Feature","properties":{"name":"Assam"},"geometry":{"type":"Polygon","coordinates":[[[89.86,26.714],[89.943,26.724],[90.123,26.755],[90.206,26.848],[90.242,26.854],[90.346,26.89],[90.448,26.851],[90.56,26.797],[90.62,26.78],[90.74,26.772],[90.856,26.778],[91.134,26.803],[91.287,26.79],[91.427,26.867],[91.456,26.867],[91.518,26.807],[91.672,26.802],[91.754,26.831],[91.842,26.853],[91.899,26.86],[91.944,26.861],[91.998,26.855],[92.05,26.875],[92.073,26.915],[92.073,26.921],[92.21,26.912],[92.626,27.018],[92.699,27.066],[92.815,27.051],[93.02,26.953],[93.375,26.989],[93.461,26.947],[93.695,27.006],[93.827,27.096],[93.847,27.199],[93.983,27.328],[94.243,27.526],[94.243,27.648],[94.353,27.593],[94.475,27.594],[94.798,27.701],[94.948,27.77],[95.313,27.896],[95.408,27.871],[95.544,27.902],[95.717,27.99],[95.964,27.993],[95.901,27.865],[95.776,27.717],[95.804,27.619],[95.887,27.557],[95.88,27.463],[95.978,27.45],[96.007,27.365],[95.904,27.276],[95.8,27.286],[95.644,27.23],[95.546,27.274],[95.493,27.25],[95.424,27.141],[95.261,27.049],[95.176,27.033],[95.031,26.933],[94.917,26.951],[94.799,26.814],[94.69,26.741],[94.487,26.677],[94.358,26.498],[94.207,26.484],[94.177,26.372],[94.008,26.184],[93.973,26.04],[93.989,25.946],[93.904,25.857],[93.752,25.959],[93.709,25.87],[93.581,25.763],[93.524,25.689],[93.336,25.538],[93.459,25.381],[93.449,25.302],[93.394,25.235],[93.189,24.811],[93.124,24.81],[93.087,24.707],[93.046,24.445],[93.018,24.399],[92.829,24.377],[92.746,24.471],[92.701,24.362],[92.631,24.295],[92.624,24.239],[92.489,24.133],[92.416,24.239],[92.298,24.238],[92.22,24.264],[92.258,24.396],[92.222,24.5],[92.139,24.545],[92.198,24.686],[92.227,24.771],[92.231,24.786],[92.228,24.881],[92.251,24.895],[92.385,24.849],[92.443,24.849],[92.475,24.869],[92.485,24.903],[92.468,24.944],[92.386,25.006],[92.565,25.152],[92.806,25.228],[92.79,25.349],[92.588,25.499],[92.593,25.587],[92.382,25.764],[92.167,25.69],[92.165,25.809],[92.215,25.919],[92.184,25.993],[92.261,26.055],[92.164,26.088],[91.922,26.038],[91.825,26.089],[91.752,26.048],[91.718,25.968],[91.582,26.027],[91.475,25.896],[91.361,25.843],[91.251,25.738],[91.208,25.736],[91.179,25.87],[91.097,25.84],[90.975,25.944],[90.753,25.962],[90.644,25.931],[90.618,25.97],[90.485,26.012],[90.136,25.96],[89.974,25.802],[89.942,25.691],[90.002,25.587],[89.897,25.541],[89.875,25.46],[89.806,25.441],[89.825,25.56],[89.8,25.84],[89.823,25.941],[89.71,26.171],[89.688,26.195],[89.727,26.206],[89.782,26.309],[89.829,26.328],[89.888,26.533],[89.86,26.714]]]}},{"type":"Feature","properties":{"name":"Manipur"},"geometry":{"type":"Polygon","coordinates":[[[94.655,25.445],[94.623,25.41],[94.58,25.32],[94.554,25.243],[94.553,25.216],[94.567,25.192],[94.616,25.165],[94.675,25.139],[94.704,25.098],[94.708,25.049],[94.663,24.931],[94.584,24.767],[94.493,24.638],[94.399,24.514],[94.377,24.474],[94.293,24.322],[94.22,24.113],[94.17,23.973],[94.128,23.876],[94.075,23.872],[94.011,23.903],[93.855,23.944],[93.756,23.977],[93.683,24.007],[93.633,24.005],[93.564,23.986],[93.494,23.973],[93.452,23.987],[93.356,24.074],[93.326,24.064],[93.312,24.033],[93.249,24.057],[93.106,24.045],[92.995,24.095],[93.018,24.399],[93.046,24.445],[93.087,24.707],[93.124,24.81],[93.189,24.811],[93.394,25.235],[93.449,25.302],[93.605,25.206],[93.679,25.328],[93.809,25.446],[93.803,25.544],[94.027,25.554],[94.209,25.495],[94.325,25.512],[94.565,25.684],[94.553,25.49],[94.655,25.445]]]}},{"type":"Feature","properties":{"name":"Nagaland"},"geometry":{"type":"Polygon","coordinates":[[[95.246,26.655],[95.201,26.641],[95.129,26.597],[95.089,26.526],[95.06,26.474],[95.051,26.347],[95.069,26.191],[95.108,26.091],[95.129,26.07],[95.132,26.041],[95.093,25.987],[95.041,25.941],[95.015,25.913],[94.992,25.77],[94.946,25.7],[94.861,25.597],[94.786,25.519],[94.668,25.459],[94.655,25.445],[94.553,25.49],[94.565,25.684],[94.325,25.512],[94.209,25.495],[94.027,25.554],[93.803,25.544],[93.809,25.446],[93.679,25.328],[93.605,25.206],[93.449,25.302],[93.459,25.381],[93.336,25.538],[93.524,25.689],[93.581,25.763],[93.709,25.87],[93.752,25.959],[93.904,25.857],[93.989,25.946],[93.973,26.04],[94.008,26.184],[94.177,26.372],[94.207,26.484],[94.358,26.498],[94.487,26.677],[94.69,26.741],[94.799,26.814],[94.917,26.951],[95.031,26.933],[95.176,27.033],[95.225,26.974],[95.202,26.867],[95.235,26.791],[95.246,26.655]]]}},{"type":"Feature","properties":{"name":"Meghalaya"},"geometry":{"type":"Polygon","coordinates":[[[92.386,25.006],[92.373,25.015],[92.205,25.111],[92.05,25.169],[91.764,25.161],[91.48,25.142],[91.397,25.152],[91.293,25.178],[91.038,25.174],[90.73,25.159],[90.613,25.168],[90.555,25.167],[90.439,25.158],[90.25,25.185],[90.12,25.22],[90.004,25.258],[89.866,25.293],[89.833,25.293],[89.814,25.305],[89.801,25.336],[89.796,25.376],[89.806,25.441],[89.875,25.46],[89.897,25.541],[90.002,25.587],[89.942,25.691],[89.974,25.802],[90.136,25.96],[90.485,26.012],[90.618,25.97],[90.644,25.931],[90.753,25.962],[90.975,25.944],[91.097,25.84],[91.179,25.87],[91.208,25.736],[91.251,25.738],[91.361,25.843],[91.475,25.896],[91.582,26.027],[91.718,25.968],[91.752,26.048],[91.825,26.089],[91.922,26.038],[92.164,26.088],[92.261,26.055],[92.184,25.993],[92.215,25.919],[92.165,25.809],[92.167,25.69],[92.382,25.764],[92.593,25.587],[92.588,25.499],[92.79,25.349],[92.806,25.228],[92.565,25.152],[92.386,25.006]]]}},{"type":"Feature","properties":{"name":"Punjab"},"geometry":{"type":"Polygon","coordinates":[[[75.293,32.326],[75.39,32.335],[75.502,32.301],[75.612,32.395],[75.683,32.4],[75.743,32.464],[75.847,32.517],[75.912,32.431],[75.693,32.272],[75.623,32.259],[75.639,32.147],[75.602,32.069],[75.707,32.05],[75.88,31.972],[75.964,31.849],[75.923,31.806],[76.071,31.564],[76.158,31.339],[76.275,31.31],[76.374,31.419],[76.434,31.318],[76.561,31.277],[76.645,30.999],[76.768,30.908],[76.833,30.842],[76.815,30.789],[76.704,30.781],[76.776,30.677],[76.827,30.681],[76.887,30.634],[76.905,30.384],[76.753,30.431],[76.714,30.337],[76.606,30.274],[76.625,30.143],[76.531,30.084],[76.43,30.14],[76.267,30.114],[76.178,29.955],[76.226,29.869],[75.957,29.739],[75.887,29.749],[75.786,29.831],[75.718,29.778],[75.604,29.765],[75.446,29.806],[75.312,29.656],[75.295,29.575],[75.235,29.562],[75.172,29.688],[75.238,29.749],[75.188,29.835],[75.105,29.821],[75.073,29.891],[74.996,29.873],[74.903,29.955],[74.823,29.985],[74.711,29.968],[74.651,29.914],[74.517,29.947],[73.916,29.98],[73.898,30.035],[73.97,30.137],[73.933,30.222],[73.925,30.282],[73.883,30.352],[73.892,30.394],[73.899,30.435],[74.009,30.52],[74.216,30.769],[74.339,30.894],[74.38,30.893],[74.51,30.96],[74.633,31.035],[74.626,31.069],[74.61,31.113],[74.54,31.133],[74.518,31.186],[74.535,31.261],[74.594,31.465],[74.582,31.524],[74.51,31.713],[74.526,31.765],[74.556,31.819],[74.636,31.89],[74.739,31.949],[75.072,32.089],[75.139,32.105],[75.254,32.14],[75.325,32.215],[75.334,32.279],[75.304,32.318],[75.303,32.319],[75.293,32.326]]]}},{"type":"Feature","properties":{"name":"Rajasthan"},"geometry":{"type":"Polygon","coordinates":[[[71.048,24.688],[71.021,24.758],[70.951,24.892],[70.878,25.063],[70.8,25.206],[70.702,25.331],[70.652,25.423],[70.657,25.626],[70.648,25.667],[70.615,25.692],[70.57,25.706],[70.506,25.685],[70.449,25.681],[70.325,25.686],[70.265,25.707],[70.1,25.91],[70.079,25.99],[70.078,26.072],[70.133,26.215],[70.149,26.348],[70.157,26.471],[70.148,26.506],[70.115,26.548],[70.059,26.579],[69.911,26.586],[69.736,26.627],[69.601,26.699],[69.507,26.743],[69.481,26.771],[69.47,26.804],[69.494,26.954],[69.537,27.123],[69.568,27.175],[69.622,27.228],[69.661,27.264],[69.725,27.313],[69.896,27.474],[70.05,27.695],[70.145,27.849],[70.194,27.895],[70.244,27.934],[70.318,27.982],[70.404,28.025],[70.489,28.023],[70.569,27.984],[70.629,27.937],[70.649,27.835],[70.692,27.769],[70.737,27.729],[70.798,27.71],[70.875,27.714],[71.185,27.832],[71.29,27.855],[71.543,27.87],[71.717,27.915],[71.87,27.963],[71.889,28.047],[71.948,28.177],[72.129,28.346],[72.179,28.422],[72.234,28.566],[72.292,28.697],[72.342,28.752],[72.626,28.896],[72.903,29.029],[72.949,29.089],[73.128,29.364],[73.231,29.551],[73.258,29.611],[73.317,29.773],[73.382,29.934],[73.467,29.972],[73.658,30.033],[73.809,30.093],[73.887,30.162],[73.933,30.222],[73.97,30.137],[73.898,30.035],[73.916,29.98],[74.517,29.947],[74.547,29.861],[74.466,29.799],[74.506,29.737],[74.603,29.726],[74.575,29.59],[74.602,29.47],[74.537,29.441],[74.613,29.333],[74.759,29.364],[74.821,29.403],[74.907,29.378],[74.97,29.284],[75.107,29.238],[75.25,29.256],[75.328,29.296],[75.392,29.253],[75.393,29.106],[75.452,29.024],[75.515,28.996],[75.486,28.927],[75.594,28.643],[75.699,28.521],[75.887,28.404],[76.026,28.262],[76.032,28.188],[75.962,28.139],[75.993,28.051],[75.932,27.918],[76.0,27.843],[76.215,27.842],[76.18,27.91],[76.163,28.058],[76.267,28.077],[76.368,28.156],[76.453,28.163],[76.553,27.971],[76.658,28.017],[76.647,28.086],[76.857,28.229],[76.941,28.123],[76.921,28.034],[76.941,27.852],[76.901,27.734],[76.973,27.679],[77.041,27.807],[77.281,27.809],[77.346,27.542],[77.46,27.385],[77.606,27.324],[77.657,27.203],[77.591,27.131],[77.513,27.109],[77.628,26.973],[77.461,26.904],[77.511,26.833],[77.705,26.93],[77.977,26.904],[78.107,26.947],[78.223,26.937],[78.2,26.824],[78.101,26.795],[78.079,26.683],[78.013,26.696],[77.903,26.664],[77.831,26.576],[77.715,26.506],[77.617,26.483],[77.431,26.374],[77.323,26.352],[77.21,26.242],[77.125,26.238],[77.082,26.185],[76.908,26.099],[76.727,25.916],[76.652,25.923],[76.546,25.848],[76.478,25.72],[76.551,25.46],[76.652,25.379],[76.78,25.332],[76.913,25.309],[77.081,25.353],[77.202,25.356],[77.255,25.434],[77.359,25.407],[77.363,25.262],[77.399,25.212],[77.341,25.114],[77.187,25.128],[76.999,25.088],[76.861,25.034],[76.883,24.897],[76.781,24.837],[76.848,24.76],[76.967,24.737],[77.037,24.67],[77.035,24.538],[76.943,24.5],[76.881,24.562],[76.806,24.556],[76.815,24.36],[76.892,24.241],[76.87,24.182],[76.767,24.16],[76.573,24.273],[76.543,24.215],[76.456,24.265],[76.23,24.278],[76.133,24.329],[76.117,24.134],[75.999,24.051],[75.998,23.984],[75.899,23.918],[75.776,23.883],[75.7,23.793],[75.597,23.818],[75.578,23.876],[75.49,23.94],[75.539,24.041],[75.622,23.995],[75.73,24.001],[75.805,24.119],[75.748,24.19],[75.795,24.252],[75.734,24.424],[75.792,24.494],[75.875,24.514],[75.869,24.599],[75.759,24.777],[75.649,24.738],[75.448,24.703],[75.204,24.725],[75.172,24.763],[75.318,24.955],[75.235,25.04],[75.133,25.04],[75.084,24.889],[74.981,24.863],[74.876,24.919],[74.815,24.917],[74.838,24.797],[74.974,24.786],[74.965,24.694],[74.87,24.666],[74.807,24.736],[74.712,24.524],[74.847,24.436],[74.766,24.359],[74.759,24.257],[74.87,24.236],[74.893,24.134],[74.968,24.033],[74.908,23.897],[74.907,23.791],[74.939,23.687],[74.823,23.5],[74.648,23.431],[74.57,23.368],[74.536,23.251],[74.658,23.226],[74.716,23.179],[74.612,23.113],[74.476,23.062],[74.323,23.036],[74.233,23.156],[74.109,23.191],[74.106,23.248],[73.96,23.359],[73.904,23.333],[73.812,23.435],[73.711,23.415],[73.619,23.452],[73.621,23.583],[73.511,23.684],[73.362,23.784],[73.364,23.889],[73.424,23.941],[73.354,24.105],[73.246,24.016],[73.079,24.204],[73.137,24.336],[73.095,24.504],[73.0,24.493],[72.959,24.39],[72.897,24.361],[72.747,24.381],[72.668,24.461],[72.556,24.507],[72.501,24.496],[72.275,24.568],[72.262,24.608],[72.099,24.657],[72.051,24.708],[71.948,24.663],[71.751,24.678],[71.652,24.658],[71.546,24.688],[71.378,24.647],[71.251,24.637],[71.048,24.688]]]}},{"type":"Feature","properties":{"name":"Uttar Pradesh"},"geometry":{"type":"Polygon","coordinates":[[[80.071,28.83],[80.15,28.776],[80.227,28.723],[80.325,28.666],[80.419,28.612],[80.479,28.605],[80.496,28.636],[80.518,28.665],[80.587,28.65],[80.671,28.596],[80.726,28.554],[80.751,28.54],[80.896,28.469],[81.017,28.41],[81.169,28.335],[81.206,28.289],[81.239,28.241],[81.311,28.176],[81.486,28.062],[81.636,27.98],[81.757,27.914],[81.853,27.867],[81.897,27.874],[81.945,27.899],[81.988,27.914],[82.037,27.901],[82.112,27.865],[82.288,27.757],[82.451,27.672],[82.63,27.687],[82.677,27.673],[82.711,27.597],[82.733,27.519],[82.933,27.468],[83.064,27.445],[83.214,27.402],[83.29,27.371],[83.369,27.41],[83.384,27.445],[83.447,27.465],[83.552,27.456],[83.747,27.396],[83.829,27.378],[83.942,27.222],[83.938,27.164],[84.023,27.06],[84.071,26.924],[84.149,26.876],[84.241,26.874],[84.246,26.757],[84.306,26.744],[84.383,26.642],[84.099,26.65],[84.054,26.565],[83.92,26.533],[83.955,26.454],[84.026,26.469],[84.178,26.404],[84.187,26.293],[83.993,26.241],[84.065,26.104],[84.15,26.066],[84.261,25.931],[84.374,25.94],[84.42,25.89],[84.532,25.862],[84.606,25.8],[84.601,25.747],[84.487,25.701],[84.373,25.765],[84.315,25.742],[84.324,25.659],[84.239,25.648],[84.213,25.728],[84.143,25.736],[83.904,25.529],[83.775,25.445],[83.384,25.236],[83.334,25.173],[83.323,25.068],[83.36,25.009],[83.36,24.863],[83.509,24.762],[83.531,24.704],[83.523,24.53],[83.402,24.498],[83.454,24.362],[83.337,24.14],[83.206,23.944],[83.089,23.911],[82.964,23.914],[82.801,23.999],[82.679,24.167],[82.733,24.214],[82.767,24.386],[82.734,24.42],[82.734,24.552],[82.808,24.566],[82.772,24.668],[82.692,24.72],[82.624,24.692],[82.427,24.719],[82.424,24.648],[82.303,24.638],[82.319,24.702],[82.033,24.859],[81.881,24.922],[81.817,25.036],[81.585,25.08],[81.537,25.2],[81.361,25.157],[81.243,25.17],[81.239,25.098],[81.185,24.973],[81.098,24.909],[80.999,24.966],[80.893,24.984],[80.779,24.971],[80.859,25.188],[80.806,25.212],[80.718,25.082],[80.647,25.07],[80.58,25.148],[80.515,25.041],[80.458,25.015],[80.288,25.016],[80.265,25.064],[80.422,25.181],[80.395,25.247],[80.326,25.282],[80.284,25.414],[80.191,25.413],[80.125,25.351],[80.015,25.331],[79.852,25.248],[79.863,25.153],[79.661,25.148],[79.542,25.177],[79.468,25.104],[79.339,25.147],[79.425,25.257],[79.295,25.259],[79.269,25.164],[79.109,25.195],[79.024,25.175],[78.983,25.237],[78.885,25.266],[78.955,25.386],[78.919,25.505],[78.853,25.434],[78.749,25.426],[78.728,25.346],[78.597,25.414],[78.516,25.266],[78.61,25.136],[78.64,24.964],[78.732,24.815],[78.715,24.685],[78.75,24.63],[78.879,24.613],[78.955,24.393],[78.826,24.23],[78.747,24.279],[78.656,24.295],[78.489,24.411],[78.386,24.301],[78.33,24.342],[78.35,24.408],[78.278,24.453],[78.229,24.533],[78.265,24.583],[78.261,24.693],[78.169,24.865],[78.337,25.023],[78.366,25.186],[78.262,25.412],[78.33,25.465],[78.371,25.553],[78.558,25.576],[78.715,25.626],[78.754,25.674],[78.74,25.79],[78.808,25.842],[78.954,26.11],[78.963,26.278],[79.061,26.355],[79.028,26.498],[78.974,26.572],[78.936,26.694],[78.842,26.712],[78.693,26.798],[78.564,26.758],[78.371,26.851],[78.2,26.824],[78.223,26.937],[78.107,26.947],[77.977,26.904],[77.705,26.93],[77.511,26.833],[77.461,26.904],[77.628,26.973],[77.513,27.109],[77.591,27.131],[77.657,27.203],[77.606,27.324],[77.46,27.385],[77.346,27.542],[77.281,27.809],[77.424,27.891],[77.48,27.898],[77.526,27.974],[77.468,28.047],[77.529,28.253],[77.467,28.315],[77.497,28.393],[77.327,28.52],[77.338,28.626],[77.307,28.721],[77.227,28.784],[77.201,28.877],[77.196,28.998],[77.141,29.13],[77.131,29.281],[77.15,29.403],[77.065,29.57],[77.088,29.659],[77.18,29.804],[77.23,29.977],[77.285,30.038],[77.57,30.278],[77.585,30.383],[77.662,30.395],[77.751,30.326],[77.929,30.244],[77.835,30.131],[77.746,29.977],[77.747,29.878],[77.784,29.742],[77.831,29.66],[77.983,29.719],[78.107,29.655],[78.189,29.707],[78.155,29.925],[78.228,29.947],[78.381,29.762],[78.479,29.722],[78.643,29.538],[78.907,29.388],[78.722,29.284],[78.868,29.215],[78.95,29.127],[79.056,29.152],[79.171,29.051],[79.296,28.972],[79.371,28.97],[79.444,28.85],[79.526,28.878],[79.699,28.85],[79.743,28.885],[79.841,28.855],[79.844,28.805],[80.001,28.737],[80.071,28.83]]]}},{"type":"Feature","properties":{"name":"Uttarakhand"},"geometry":{"type":"Polygon","coordinates":[[[81.01,30.165],[80.966,30.18],[80.908,30.172],[80.848,30.14],[80.82,30.119],[80.684,29.994],[80.613,29.956],[80.549,29.9],[80.402,29.73],[80.317,29.572],[80.255,29.423],[80.256,29.318],[80.233,29.195],[80.17,29.124],[80.13,29.1],[80.085,28.994],[80.052,28.87],[80.071,28.83],[80.001,28.737],[79.844,28.805],[79.841,28.855],[79.743,28.885],[79.699,28.85],[79.526,28.878],[79.444,28.85],[79.371,28.97],[79.296,28.972],[79.171,29.051],[79.056,29.152],[78.95,29.127],[78.868,29.215],[78.722,29.284],[78.907,29.388],[78.643,29.538],[78.479,29.722],[78.381,29.762],[78.228,29.947],[78.155,29.925],[78.189,29.707],[78.107,29.655],[77.983,29.719],[77.831,29.66],[77.784,29.742],[77.747,29.878],[77.746,29.977],[77.835,30.131],[77.929,30.244],[77.751,30.326],[77.662,30.395],[77.585,30.383],[77.813,30.521],[77.706,30.791],[77.789,30.931],[77.806,31.051],[77.941,31.173],[78.04,31.172],[78.284,31.29],[78.369,31.29],[78.501,31.22],[78.582,31.231],[78.793,31.207],[78.87,31.122],[78.993,31.163],[78.869,31.315],[78.9,31.331],[78.946,31.337],[78.974,31.329],[79.011,31.414],[79.044,31.426],[79.107,31.403],[79.233,31.242],[79.339,31.106],[79.37,31.08],[79.37,31.079],[79.388,31.064],[79.493,30.994],[79.565,30.949],[79.664,30.965],[79.795,30.968],[79.872,30.925],[79.91,30.898],[79.917,30.894],[80.082,30.782],[80.149,30.79],[80.194,30.759],[80.207,30.684],[80.186,30.605],[80.191,30.569],[80.191,30.568],[80.261,30.561],[80.41,30.509],[80.541,30.464],[80.609,30.449],[80.682,30.415],[80.747,30.36],[80.874,30.291],[80.985,30.237],[81.01,30.165]]]}},{"type":"Feature","properties":{"name":"Jharkhand"},"geometry":{"type":"Polygon","coordinates":[[[83.97,22.539],[83.996,22.593],[84.191,22.701],[84.228,22.783],[84.352,22.886],[84.292,22.997],[84.115,22.999],[84.089,23.085],[84.029,23.146],[84.039,23.309],[84.015,23.383],[83.947,23.37],[83.952,23.475],[84.015,23.554],[83.991,23.632],[83.906,23.565],[83.781,23.586],[83.721,23.676],[83.735,23.738],[83.697,23.819],[83.557,23.936],[83.522,24.066],[83.442,24.122],[83.337,24.14],[83.454,24.362],[83.402,24.498],[83.523,24.53],[83.696,24.506],[83.788,24.537],[83.918,24.544],[84.044,24.624],[84.096,24.504],[84.305,24.531],[84.312,24.451],[84.472,24.307],[84.519,24.308],[84.588,24.394],[84.798,24.497],[84.889,24.373],[84.961,24.348],[85.281,24.487],[85.391,24.509],[85.526,24.502],[85.578,24.558],[85.662,24.569],[85.647,24.649],[85.746,24.77],[85.831,24.771],[85.912,24.698],[86.033,24.712],[86.098,24.69],[86.155,24.556],[86.29,24.552],[86.276,24.435],[86.439,24.34],[86.494,24.48],[86.586,24.561],[86.702,24.548],[86.755,24.588],[86.89,24.532],[86.925,24.614],[87.05,24.597],[87.078,24.745],[87.119,24.851],[87.117,24.971],[87.186,25.062],[87.266,25.072],[87.292,25.174],[87.407,25.181],[87.523,25.324],[87.599,25.267],[87.726,25.252],[87.784,25.214],[87.781,25.09],[87.844,25.042],[87.877,24.939],[87.853,24.758],[87.895,24.67],[87.877,24.589],[87.791,24.562],[87.8,24.501],[87.721,24.318],[87.631,24.269],[87.662,24.186],[87.572,24.118],[87.487,24.124],[87.489,24.047],[87.338,24.002],[87.302,24.057],[87.241,23.851],[87.166,23.81],[87.08,23.815],[86.877,23.913],[86.81,23.818],[86.8,23.726],[86.646,23.697],[86.459,23.639],[86.348,23.568],[86.336,23.508],[86.214,23.449],[86.121,23.501],[86.135,23.559],[86.056,23.603],[85.996,23.512],[85.829,23.483],[85.895,23.416],[85.83,23.261],[85.888,23.163],[86.02,23.153],[86.142,23.028],[86.45,23.004],[86.415,22.943],[86.399,22.785],[86.587,22.681],[86.611,22.604],[86.749,22.545],[86.718,22.469],[86.79,22.416],[86.78,22.287],[86.687,22.218],[86.487,22.337],[86.366,22.33],[86.268,22.422],[86.102,22.5],[86.04,22.557],[85.939,22.501],[85.987,22.394],[85.965,22.245],[85.974,22.105],[85.916,22.022],[85.834,21.986],[85.785,22.012],[85.792,22.129],[85.679,22.076],[85.551,22.108],[85.425,22.164],[85.324,22.127],[85.232,22.035],[85.109,22.108],[84.985,22.113],[85.088,22.28],[85.1,22.394],[85.066,22.503],[84.908,22.422],[84.801,22.45],[84.734,22.427],[84.53,22.423],[84.421,22.331],[84.311,22.324],[84.148,22.387],[84.067,22.5],[83.97,22.539]]]}},{"type":"Feature","properties":{"name":"West Bengal"},"geometry":{"type":"Polygon","coordinates":[[[88.756,27.149],[88.766,27.134],[88.814,27.099],[88.835,27.066],[88.858,26.961],[88.919,26.932],[89.041,26.865],[89.148,26.816],[89.332,26.849],[89.384,26.827],[89.475,26.803],[89.545,26.796],[89.586,26.779],[89.609,26.762],[89.606,26.741],[89.61,26.719],[89.711,26.714],[89.764,26.702],[89.86,26.714],[89.888,26.533],[89.829,26.328],[89.782,26.309],[89.727,26.206],[89.688,26.195],[89.671,26.214],[89.619,26.216],[89.586,26.186],[89.573,26.132],[89.591,26.072],[89.55,26.005],[89.467,25.984],[89.37,26.006],[89.289,26.038],[89.186,26.106],[89.108,26.202],[89.102,26.308],[89.067,26.377],[89.019,26.41],[88.983,26.42],[88.952,26.412],[88.924,26.375],[88.948,26.338],[88.982,26.286],[88.97,26.251],[88.941,26.245],[88.897,26.261],[88.828,26.252],[88.762,26.279],[88.722,26.282],[88.683,26.292],[88.681,26.353],[88.62,26.431],[88.518,26.518],[88.418,26.572],[88.37,26.564],[88.346,26.505],[88.351,26.483],[88.386,26.472],[88.437,26.437],[88.448,26.401],[88.44,26.37],[88.378,26.312],[88.334,26.258],[88.235,26.178],[88.151,26.087],[88.129,26.018],[88.097,25.956],[88.085,25.888],[88.107,25.841],[88.147,25.811],[88.253,25.79],[88.363,25.698],[88.452,25.574],[88.502,25.537],[88.593,25.495],[88.769,25.49],[88.795,25.456],[88.82,25.366],[88.855,25.334],[88.944,25.291],[88.952,25.259],[88.93,25.223],[88.89,25.194],[88.817,25.176],[88.748,25.169],[88.678,25.18],[88.574,25.188],[88.456,25.188],[88.373,24.962],[88.313,24.882],[88.28,24.882],[88.189,24.921],[88.15,24.915],[88.045,24.713],[88.03,24.664],[88.023,24.628],[88.079,24.55],[88.145,24.486],[88.225,24.461],[88.287,24.48],[88.338,24.454],[88.397,24.389],[88.499,24.347],[88.642,24.326],[88.724,24.275],[88.734,24.231],[88.727,24.186],[88.714,24.07],[88.7,24.003],[88.623,23.826],[88.567,23.674],[88.596,23.602],[88.616,23.573],[88.636,23.55],[88.698,23.493],[88.741,23.437],[88.704,23.293],[88.724,23.255],[88.808,23.23],[88.897,23.21],[88.928,23.187],[88.851,23.041],[88.867,22.939],[88.9,22.843],[88.923,22.688],[88.927,22.671],[88.921,22.632],[88.971,22.511],[89.05,22.275],[89.056,22.186],[89.051,22.093],[89.028,21.937],[88.949,21.938],[89.02,21.834],[89.042,21.759],[89.052,21.654],[88.967,21.641],[88.907,21.653],[88.858,21.745],[88.834,21.661],[88.745,21.584],[88.713,21.622],[88.695,21.662],[88.691,21.733],[88.74,22.005],[88.73,22.036],[88.708,22.056],[88.66,22.067],[88.642,22.122],[88.567,21.832],[88.6,21.714],[88.585,21.66],[88.446,21.614],[88.305,21.723],[88.287,21.758],[88.279,21.697],[88.254,21.622],[88.122,21.636],[88.057,21.694],[88.099,21.794],[88.181,22.033],[88.196,22.14],[88.087,22.218],[87.994,22.266],[87.941,22.374],[87.962,22.255],[88.011,22.213],[88.083,22.183],[88.159,22.122],[88.104,22.047],[88.051,22.001],[87.948,21.825],[87.824,21.727],[87.678,21.654],[87.479,21.608],[87.409,21.786],[87.275,21.814],[87.232,21.848],[87.191,21.956],[87.113,21.971],[87.059,21.907],[86.994,21.972],[86.987,22.067],[86.834,22.122],[86.687,22.218],[86.78,22.287],[86.79,22.416],[86.718,22.469],[86.749,22.545],[86.611,22.604],[86.587,22.681],[86.399,22.785],[86.415,22.943],[86.45,23.004],[86.142,23.028],[86.02,23.153],[85.888,23.163],[85.83,23.261],[85.895,23.416],[85.829,23.483],[85.996,23.512],[86.056,23.603],[86.135,23.559],[86.121,23.501],[86.214,23.449],[86.336,23.508],[86.348,23.568],[86.459,23.639],[86.646,23.697],[86.8,23.726],[86.81,23.818],[86.877,23.913],[87.08,23.815],[87.166,23.81],[87.241,23.851],[87.302,24.057],[87.338,24.002],[87.489,24.047],[87.487,24.124],[87.572,24.118],[87.662,24.186],[87.631,24.269],[87.721,24.318],[87.8,24.501],[87.791,24.562],[87.877,24.589],[87.895,24.67],[87.853,24.758],[87.877,24.939],[87.844,25.042],[87.781,25.09],[87.784,25.214],[87.838,25.278],[87.768,25.436],[87.956,25.534],[88.043,25.547],[88.046,25.669],[87.911,25.765],[87.805,25.874],[87.831,26.011],[87.979,26.146],[88.08,26.193],[88.18,26.286],[88.297,26.336],[88.282,26.428],[88.195,26.501],[88.094,26.537],[88.112,26.586],[88.162,26.725],[88.157,26.807],[88.111,26.928],[87.993,27.086],[87.984,27.134],[88.001,27.248],[88.118,27.138],[88.233,27.137],[88.357,27.085],[88.448,27.114],[88.518,27.176],[88.664,27.173],[88.756,27.149]]]}},{"type":"Feature","properties":{"name":"Bihar"},"geometry":{"type":"Polygon","coordinates":[[[83.829,27.378],[83.897,27.435],[84.025,27.462],[84.091,27.491],[84.23,27.428],[84.481,27.348],[84.61,27.299],[84.641,27.25],[84.655,27.204],[84.654,27.092],[84.685,27.041],[84.937,26.927],[85.02,26.879],[85.087,26.863],[85.125,26.861],[85.152,26.847],[85.174,26.782],[85.192,26.767],[85.24,26.75],[85.293,26.741],[85.456,26.797],[85.568,26.84],[85.648,26.829],[85.7,26.782],[85.707,26.713],[85.737,26.64],[85.795,26.604],[85.856,26.6],[86.007,26.649],[86.129,26.612],[86.242,26.598],[86.366,26.574],[86.414,26.556],[86.544,26.496],[86.701,26.435],[86.762,26.442],[87.016,26.555],[87.038,26.542],[87.09,26.433],[87.167,26.394],[87.287,26.36],[87.414,26.423],[87.513,26.405],[87.633,26.399],[87.749,26.429],[87.849,26.437],[87.995,26.382],[88.027,26.395],[88.055,26.43],[88.094,26.537],[88.195,26.501],[88.282,26.428],[88.297,26.336],[88.18,26.286],[88.08,26.193],[87.979,26.146],[87.831,26.011],[87.805,25.874],[87.911,25.765],[88.046,25.669],[88.043,25.547],[87.956,25.534],[87.768,25.436],[87.838,25.278],[87.784,25.214],[87.726,25.252],[87.599,25.267],[87.523,25.324],[87.407,25.181],[87.292,25.174],[87.266,25.072],[87.186,25.062],[87.117,24.971],[87.119,24.851],[87.078,24.745],[87.05,24.597],[86.925,24.614],[86.89,24.532],[86.755,24.588],[86.702,24.548],[86.586,24.561],[86.494,24.48],[86.439,24.34],[86.276,24.435],[86.29,24.552],[86.155,24.556],[86.098,24.69],[86.033,24.712],[85.912,24.698],[85.831,24.771],[85.746,24.77],[85.647,24.649],[85.662,24.569],[85.578,24.558],[85.526,24.502],[85.391,24.509],[85.281,24.487],[84.961,24.348],[84.889,24.373],[84.798,24.497],[84.588,24.394],[84.519,24.308],[84.472,24.307],[84.312,24.451],[84.305,24.531],[84.096,24.504],[84.044,24.624],[83.918,24.544],[83.788,24.537],[83.696,24.506],[83.523,24.53],[83.531,24.704],[83.509,24.762],[83.36,24.863],[83.36,25.009],[83.323,25.068],[83.334,25.173],[83.384,25.236],[83.775,25.445],[83.904,25.529],[84.143,25.736],[84.213,25.728],[84.239,25.648],[84.324,25.659],[84.315,25.742],[84.373,25.765],[84.487,25.701],[84.601,25.747],[84.606,25.8],[84.532,25.862],[84.42,25.89],[84.374,25.94],[84.261,25.931],[84.15,26.066],[84.065,26.104],[83.993,26.241],[84.187,26.293],[84.178,26.404],[84.026,26.469],[83.955,26.454],[83.92,26.533],[84.054,26.565],[84.099,26.65],[84.383,26.642],[84.306,26.744],[84.246,26.757],[84.241,26.874],[84.149,26.876],[84.071,26.924],[84.023,27.06],[83.938,27.164],[83.942,27.222],[83.829,27.378]]]}},{"type":"Feature","properties":{"name":"Chhattisgarh"},"geometry":{"type":"Polygon","coordinates":[[[80.27,18.714],[80.275,18.777],[80.344,18.851],[80.272,18.979],[80.367,19.117],[80.397,19.234],[80.576,19.392],[80.617,19.319],[80.717,19.263],[80.832,19.345],[80.894,19.484],[80.831,19.547],[80.713,19.593],[80.676,19.677],[80.566,19.74],[80.538,19.811],[80.425,19.893],[80.531,19.921],[80.557,20.048],[80.531,20.135],[80.426,20.146],[80.424,20.234],[80.622,20.326],[80.622,20.601],[80.503,20.633],[80.573,20.698],[80.552,20.919],[80.481,20.932],[80.435,20.999],[80.485,21.168],[80.626,21.243],[80.679,21.351],[80.721,21.473],[80.731,21.714],[80.805,21.774],[80.838,21.846],[80.835,21.951],[80.919,22.097],[80.987,22.108],[81.024,22.194],[81.119,22.295],[81.123,22.401],[81.178,22.478],[81.235,22.444],[81.373,22.493],[81.418,22.437],[81.54,22.52],[81.642,22.551],[81.67,22.609],[81.766,22.664],[81.789,22.853],[81.94,22.946],[81.946,23.043],[82.071,23.1],[82.129,23.096],[82.19,23.289],[82.098,23.372],[81.991,23.401],[81.907,23.505],[81.745,23.543],[81.644,23.482],[81.591,23.561],[81.686,23.69],[81.622,23.834],[81.682,23.885],[81.778,23.802],[81.937,23.841],[82.077,23.801],[82.532,23.775],[82.651,23.845],[82.658,23.885],[82.768,23.929],[82.801,23.999],[82.964,23.914],[83.089,23.911],[83.206,23.944],[83.337,24.14],[83.442,24.122],[83.522,24.066],[83.557,23.936],[83.697,23.819],[83.735,23.738],[83.721,23.676],[83.781,23.586],[83.906,23.565],[83.991,23.632],[84.015,23.554],[83.952,23.475],[83.947,23.37],[84.015,23.383],[84.039,23.309],[84.029,23.146],[84.089,23.085],[84.115,22.999],[84.292,22.997],[84.352,22.886],[84.228,22.783],[84.191,22.701],[83.996,22.593],[83.97,22.539],[83.996,22.441],[83.946,22.371],[83.841,22.349],[83.733,22.262],[83.605,22.196],[83.546,22.102],[83.515,21.964],[83.571,21.923],[83.557,21.835],[83.473,21.807],[83.444,21.719],[83.352,21.577],[83.328,21.499],[83.381,21.4],[83.361,21.337],[83.279,21.359],[83.198,21.173],[83.078,21.115],[82.965,21.179],[82.668,21.155],[82.562,20.954],[82.454,20.847],[82.342,20.861],[82.367,20.657],[82.34,20.556],[82.422,20.428],[82.434,20.159],[82.416,20.067],[82.611,19.988],[82.695,20.001],[82.682,19.823],[82.381,19.886],[82.29,19.836],[82.228,19.959],[82.096,20.051],[82.046,20.018],[81.94,20.105],[81.868,20.047],[81.824,19.913],[82.029,19.776],[82.029,19.518],[82.169,19.387],[82.145,19.244],[82.225,19.015],[82.224,18.922],[82.169,18.879],[82.139,18.747],[81.969,18.686],[81.904,18.622],[81.913,18.545],[81.792,18.438],[81.741,18.358],[81.644,18.292],[81.543,18.262],[81.444,17.88],[81.394,17.807],[81.245,17.804],[81.148,17.837],[81.045,17.776],[80.986,17.84],[80.979,17.964],[80.938,18.086],[80.852,18.196],[80.772,18.233],[80.696,18.412],[80.583,18.541],[80.503,18.6],[80.409,18.589],[80.32,18.642],[80.27,18.714]]]}},{"type":"Feature","properties":{"name":"Madhya Pradesh"},"geometry":{"type":"Polygon","coordinates":[[[80.679,21.351],[80.626,21.326],[80.418,21.447],[80.31,21.58],[80.187,21.639],[80.005,21.548],[79.84,21.534],[79.798,21.588],[79.65,21.582],[79.552,21.55],[79.533,21.619],[79.413,21.69],[79.24,21.713],[79.216,21.655],[78.922,21.572],[78.904,21.509],[78.696,21.475],[78.514,21.527],[78.428,21.508],[78.413,21.606],[78.193,21.551],[78.029,21.438],[77.871,21.398],[77.788,21.423],[77.713,21.38],[77.578,21.384],[77.482,21.424],[77.433,21.499],[77.457,21.549],[77.555,21.542],[77.552,21.697],[77.461,21.77],[77.333,21.774],[77.219,21.701],[77.116,21.724],[77.029,21.694],[76.917,21.618],[76.794,21.577],[76.786,21.502],[76.73,21.413],[76.633,21.341],[76.654,21.251],[76.614,21.202],[76.498,21.18],[76.437,21.108],[76.287,21.075],[76.187,21.086],[76.109,21.153],[76.143,21.193],[76.083,21.368],[75.878,21.4],[75.814,21.383],[75.535,21.372],[75.312,21.381],[75.13,21.438],[75.048,21.554],[74.894,21.612],[74.708,21.611],[74.512,21.727],[74.486,21.946],[74.408,22.023],[74.284,21.945],[74.205,21.925],[74.129,21.952],[74.142,22.063],[74.071,22.198],[74.056,22.294],[74.224,22.349],[74.222,22.409],[74.113,22.411],[74.026,22.48],[74.063,22.521],[74.161,22.517],[74.273,22.61],[74.376,22.651],[74.458,22.804],[74.427,22.872],[74.365,22.875],[74.323,23.036],[74.476,23.062],[74.612,23.113],[74.716,23.179],[74.658,23.226],[74.536,23.251],[74.57,23.368],[74.648,23.431],[74.823,23.5],[74.939,23.687],[74.907,23.791],[74.908,23.897],[74.968,24.033],[74.893,24.134],[74.87,24.236],[74.759,24.257],[74.766,24.359],[74.847,24.436],[74.712,24.524],[74.807,24.736],[74.87,24.666],[74.965,24.694],[74.974,24.786],[74.838,24.797],[74.815,24.917],[74.876,24.919],[74.981,24.863],[75.084,24.889],[75.133,25.04],[75.235,25.04],[75.318,24.955],[75.172,24.763],[75.204,24.725],[75.448,24.703],[75.649,24.738],[75.759,24.777],[75.869,24.599],[75.875,24.514],[75.792,24.494],[75.734,24.424],[75.795,24.252],[75.748,24.19],[75.805,24.119],[75.73,24.001],[75.622,23.995],[75.539,24.041],[75.49,23.94],[75.578,23.876],[75.597,23.818],[75.7,23.793],[75.776,23.883],[75.899,23.918],[75.998,23.984],[75.999,24.051],[76.117,24.134],[76.133,24.329],[76.23,24.278],[76.456,24.265],[76.543,24.215],[76.573,24.273],[76.767,24.16],[76.87,24.182],[76.892,24.241],[76.815,24.36],[76.806,24.556],[76.881,24.562],[76.943,24.5],[77.035,24.538],[77.037,24.67],[76.967,24.737],[76.848,24.76],[76.781,24.837],[76.883,24.897],[76.861,25.034],[76.999,25.088],[77.187,25.128],[77.341,25.114],[77.399,25.212],[77.363,25.262],[77.359,25.407],[77.255,25.434],[77.202,25.356],[77.081,25.353],[76.913,25.309],[76.78,25.332],[76.652,25.379],[76.551,25.46],[76.478,25.72],[76.546,25.848],[76.652,25.923],[76.727,25.916],[76.908,26.099],[77.082,26.185],[77.125,26.238],[77.21,26.242],[77.323,26.352],[77.431,26.374],[77.617,26.483],[77.715,26.506],[77.831,26.576],[77.903,26.664],[78.013,26.696],[78.079,26.683],[78.101,26.795],[78.2,26.824],[78.371,26.851],[78.564,26.758],[78.693,26.798],[78.842,26.712],[78.936,26.694],[78.974,26.572],[79.028,26.498],[79.061,26.355],[78.963,26.278],[78.954,26.11],[78.808,25.842],[78.74,25.79],[78.754,25.674],[78.715,25.626],[78.558,25.576],[78.371,25.553],[78.33,25.465],[78.262,25.412],[78.366,25.186],[78.337,25.023],[78.169,24.865],[78.261,24.693],[78.265,24.583],[78.229,24.533],[78.278,24.453],[78.35,24.408],[78.33,24.342],[78.386,24.301],[78.489,24.411],[78.656,24.295],[78.747,24.279],[78.826,24.23],[78.955,24.393],[78.879,24.613],[78.75,24.63],[78.715,24.685],[78.732,24.815],[78.64,24.964],[78.61,25.136],[78.516,25.266],[78.597,25.414],[78.728,25.346],[78.749,25.426],[78.853,25.434],[78.919,25.505],[78.955,25.386],[78.885,25.266],[78.983,25.237],[79.024,25.175],[79.109,25.195],[79.269,25.164],[79.295,25.259],[79.425,25.257],[79.339,25.147],[79.468,25.104],[79.542,25.177],[79.661,25.148],[79.863,25.153],[79.852,25.248],[80.015,25.331],[80.125,25.351],[80.191,25.413],[80.284,25.414],[80.326,25.282],[80.395,25.247],[80.422,25.181],[80.265,25.064],[80.288,25.016],[80.458,25.015],[80.515,25.041],[80.58,25.148],[80.647,25.07],[80.718,25.082],[80.806,25.212],[80.859,25.188],[80.779,24.971],[80.893,24.984],[80.999,24.966],[81.098,24.909],[81.185,24.973],[81.239,25.098],[81.243,25.17],[81.361,25.157],[81.537,25.2],[81.585,25.08],[81.817,25.036],[81.881,24.922],[82.033,24.859],[82.319,24.702],[82.303,24.638],[82.424,24.648],[82.427,24.719],[82.624,24.692],[82.692,24.72],[82.772,24.668],[82.808,24.566],[82.734,24.552],[82.734,24.42],[82.767,24.386],[82.733,24.214],[82.679,24.167],[82.801,23.999],[82.768,23.929],[82.658,23.885],[82.651,23.845],[82.532,23.775],[82.077,23.801],[81.937,23.841],[81.778,23.802],[81.682,23.885],[81.622,23.834],[81.686,23.69],[81.591,23.561],[81.644,23.482],[81.745,23.543],[81.907,23.505],[81.991,23.401],[82.098,23.372],[82.19,23.289],[82.129,23.096],[82.071,23.1],[81.946,23.043],[81.94,22.946],[81.789,22.853],[81.766,22.664],[81.67,22.609],[81.642,22.551],[81.54,22.52],[81.418,22.437],[81.373,22.493],[81.235,22.444],[81.178,22.478],[81.123,22.401],[81.119,22.295],[81.024,22.194],[80.987,22.108],[80.919,22.097],[80.835,21.951],[80.838,21.846],[80.805,21.774],[80.731,21.714],[80.721,21.473],[80.679,21.351]]]}},{"type":"Feature","properties":{"name":"Puducherry"},"geometry":{"type":"MultiPolygon","coordinates":[[[[79.848,11.954],[79.813,11.832],[79.727,11.842],[79.686,12.0],[79.791,11.917],[79.848,11.954]]],[[[79.849,10.98],[79.85,10.769],[79.767,10.889],[79.705,10.91],[79.737,10.986],[79.849,10.98]]]]}},{"type":"Feature","properties":{"name":"Tamil Nadu"},"geometry":{"type":"Polygon","coordinates":[[[79.85,10.769],[79.838,10.323],[79.757,10.304],[79.667,10.3],[79.589,10.312],[79.532,10.33],[79.391,10.306],[79.315,10.257],[79.254,10.175],[79.258,10.035],[78.996,9.683],[78.94,9.566],[78.919,9.453],[78.953,9.394],[79.02,9.333],[79.107,9.309],[79.275,9.285],[79.356,9.252],[79.411,9.192],[79.213,9.256],[78.98,9.269],[78.421,9.105],[78.275,8.99],[78.192,8.891],[78.136,8.663],[78.126,8.511],[78.06,8.385],[77.77,8.19],[77.587,8.13],[77.518,8.078],[77.301,8.145],[77.11,8.284],[77.166,8.337],[77.279,8.526],[77.204,8.612],[77.179,8.695],[77.235,8.784],[77.249,8.859],[77.203,8.894],[77.165,9.001],[77.255,9.122],[77.312,9.301],[77.399,9.5],[77.341,9.58],[77.263,9.557],[77.188,9.613],[77.235,9.765],[77.226,9.859],[77.26,9.962],[77.224,10.058],[77.277,10.21],[77.191,10.351],[77.065,10.296],[76.986,10.231],[76.928,10.236],[76.842,10.311],[76.809,10.437],[76.821,10.633],[76.876,10.678],[76.89,10.78],[76.82,10.876],[76.69,10.933],[76.719,11.139],[76.641,11.209],[76.466,11.205],[76.534,11.313],[76.495,11.385],[76.409,11.437],[76.256,11.478],[76.241,11.604],[76.339,11.591],[76.416,11.667],[76.465,11.715],[76.532,11.709],[76.605,11.631],[76.751,11.642],[76.821,11.626],[76.908,11.8],[76.997,11.826],[77.083,11.757],[77.122,11.793],[77.259,11.817],[77.354,11.784],[77.434,11.812],[77.49,11.926],[77.671,11.971],[77.769,12.12],[77.668,12.204],[77.492,12.205],[77.472,12.274],[77.561,12.34],[77.619,12.467],[77.569,12.56],[77.609,12.673],[77.765,12.719],[77.801,12.857],[77.895,12.873],[78.002,12.807],[78.056,12.846],[78.23,12.76],[78.353,12.642],[78.419,12.633],[78.583,12.778],[78.645,12.992],[78.736,13.061],[78.944,13.093],[79.078,13.036],[79.162,13.045],[79.251,13.148],[79.315,13.132],[79.42,13.22],[79.45,13.331],[79.544,13.324],[79.572,13.284],[79.668,13.291],[79.697,13.236],[79.785,13.224],[79.816,13.295],[79.957,13.366],[79.962,13.417],[80.098,13.464],[80.231,13.468],[80.29,13.437],[80.342,13.361],[80.229,12.69],[80.143,12.452],[80.037,12.296],[79.982,12.235],[79.858,11.989],[79.848,11.954],[79.791,11.917],[79.686,12.0],[79.727,11.842],[79.813,11.832],[79.771,11.69],[79.754,11.575],[79.793,11.447],[79.749,11.371],[79.693,11.313],[79.799,11.339],[79.835,11.269],[79.849,11.197],[79.849,10.98],[79.737,10.986],[79.705,10.91],[79.767,10.889],[79.85,10.769]]]}},{"type":"Feature","properties":{"name":"Gujarat"},"geometry":{"type":"Polygon","coordinates":[[[71.048,24.688],[71.251,24.637],[71.378,24.647],[71.546,24.688],[71.652,24.658],[71.751,24.678],[71.948,24.663],[72.051,24.708],[72.099,24.657],[72.262,24.608],[72.275,24.568],[72.501,24.496],[72.556,24.507],[72.668,24.461],[72.747,24.381],[72.897,24.361],[72.959,24.39],[73.0,24.493],[73.095,24.504],[73.137,24.336],[73.079,24.204],[73.246,24.016],[73.354,24.105],[73.424,23.941],[73.364,23.889],[73.362,23.784],[73.511,23.684],[73.621,23.583],[73.619,23.452],[73.711,23.415],[73.812,23.435],[73.904,23.333],[73.96,23.359],[74.106,23.248],[74.109,23.191],[74.233,23.156],[74.323,23.036],[74.365,22.875],[74.427,22.872],[74.458,22.804],[74.376,22.651],[74.273,22.61],[74.161,22.517],[74.063,22.521],[74.026,22.48],[74.113,22.411],[74.222,22.409],[74.224,22.349],[74.056,22.294],[74.071,22.198],[74.142,22.063],[74.129,21.952],[74.061,21.94],[73.918,21.867],[73.809,21.836],[73.829,21.651],[73.752,21.611],[73.821,21.508],[73.996,21.555],[74.192,21.546],[74.292,21.514],[74.109,21.452],[74.053,21.466],[73.96,21.394],[73.919,21.292],[73.8,21.281],[73.777,21.217],[73.695,21.123],[73.868,20.975],[73.903,20.884],[73.909,20.776],[73.811,20.677],[73.792,20.606],[73.7,20.562],[73.476,20.679],[73.404,20.67],[73.459,20.538],[73.361,20.369],[73.394,20.27],[73.364,20.178],[73.272,20.193],[73.243,20.139],[73.166,20.115],[73.042,20.158],[73.047,20.221],[73.112,20.255],[73.05,20.33],[72.897,20.222],[72.947,20.127],[72.709,20.078],[72.816,20.38],[72.842,20.453],[72.847,20.468],[72.881,20.563],[72.894,20.673],[72.879,20.829],[72.841,20.952],[72.824,21.084],[72.814,21.117],[72.752,21.129],[72.692,21.178],[72.624,21.372],[72.687,21.436],[72.735,21.471],[72.668,21.456],[72.613,21.462],[72.718,21.551],[72.811,21.62],[73.022,21.7],[73.112,21.75],[72.979,21.705],[72.84,21.687],[72.543,21.697],[72.592,21.878],[72.644,21.938],[72.7,21.972],[72.617,21.962],[72.522,21.976],[72.553,22.16],[72.628,22.2],[72.709,22.207],[72.809,22.233],[72.702,22.264],[72.59,22.278],[72.456,22.248],[72.333,22.27],[72.183,22.27],[72.243,22.245],[72.306,22.189],[72.274,22.09],[72.244,22.028],[72.162,21.985],[72.094,21.92],[72.076,21.863],[72.037,21.823],[72.103,21.795],[72.171,21.774],[72.21,21.728],[72.257,21.661],[72.254,21.531],[72.077,21.224],[72.015,21.156],[71.571,20.971],[71.396,20.87],[71.025,20.739],[71.005,20.736],[70.88,20.715],[70.719,20.74],[70.485,20.84],[70.127,21.095],[70.034,21.179],[69.748,21.506],[69.542,21.679],[69.385,21.84],[69.192,21.992],[69.009,22.197],[68.97,22.29],[68.983,22.385],[69.052,22.437],[69.131,22.416],[69.194,22.336],[69.239,22.3],[69.277,22.285],[69.549,22.408],[69.655,22.404],[69.728,22.465],[69.819,22.452],[70.006,22.548],[70.084,22.554],[70.177,22.573],[70.328,22.816],[70.44,22.97],[70.513,23.002],[70.509,23.04],[70.489,23.09],[70.435,23.077],[70.396,23.03],[70.368,22.973],[70.339,22.94],[70.251,22.971],[70.192,22.966],[70.118,22.947],[69.85,22.856],[69.74,22.775],[69.665,22.759],[69.236,22.849],[68.817,23.054],[68.641,23.19],[68.529,23.364],[68.417,23.571],[68.454,23.629],[68.627,23.754],[68.777,23.852],[68.642,23.808],[68.497,23.748],[68.425,23.706],[68.343,23.617],[68.235,23.597],[68.192,23.729],[68.165,23.857],[68.234,23.901],[68.283,23.928],[68.381,23.951],[68.489,23.967],[68.587,23.967],[68.724,23.965],[68.728,24.266],[68.74,24.292],[68.759,24.307],[68.781,24.314],[68.8,24.309],[68.828,24.264],[68.863,24.266],[68.901,24.292],[68.985,24.273],[69.052,24.286],[69.12,24.269],[69.235,24.268],[69.443,24.275],[69.559,24.273],[69.634,24.225],[69.716,24.173],[69.805,24.165],[69.934,24.171],[70.021,24.192],[70.065,24.241],[70.098,24.287],[70.289,24.356],[70.489,24.412],[70.547,24.418],[70.565,24.386],[70.556,24.331],[70.579,24.279],[70.659,24.246],[70.716,24.238],[70.767,24.245],[70.805,24.262],[70.886,24.344],[70.928,24.362],[70.983,24.361],[71.044,24.4],[71.045,24.43],[71.006,24.444],[70.973,24.487],[70.979,24.522],[70.97,24.572],[70.976,24.619],[71.002,24.654],[71.048,24.688]]]}},{"type":"Feature","properties":{"name":"Arunachal Pradesh"},"geometry":{"type":"Polygon","coordinates":[[[91.632,27.76],[91.713,27.76],[91.825,27.746],[91.909,27.73],[91.978,27.73],[92.101,27.808],[92.158,27.812],[92.222,27.827],[92.251,27.841],[92.27,27.83],[92.341,27.821],[92.415,27.825],[92.481,27.846],[92.547,27.879],[92.664,27.949],[92.688,27.989],[92.687,28.026],[92.666,28.05],[92.643,28.062],[92.653,28.093],[92.702,28.147],[92.882,28.228],[93.035,28.328],[93.119,28.402],[93.158,28.493],[93.207,28.591],[93.252,28.629],[93.361,28.654],[93.665,28.69],[93.761,28.73],[93.902,28.803],[93.974,28.861],[94.013,28.908],[94.018,28.96],[94.112,28.976],[94.193,29.06],[94.293,29.145],[94.468,29.216],[94.623,29.312],[94.677,29.297],[94.733,29.252],[94.763,29.201],[94.769,29.176],[94.968,29.144],[94.999,29.149],[95.145,29.104],[95.279,29.05],[95.353,29.036],[95.389,29.037],[95.42,29.054],[95.457,29.102],[95.494,29.137],[95.517,29.151],[95.516,29.206],[95.71,29.314],[95.885,29.391],[96.035,29.447],[96.08,29.424],[96.128,29.381],[96.195,29.272],[96.235,29.246],[96.337,29.261],[96.356,29.249],[96.34,29.21],[96.271,29.161],[96.181,29.118],[96.122,29.082],[96.141,28.963],[96.137,28.923],[96.162,28.91],[96.347,29.027],[96.436,29.051],[96.467,29.022],[96.477,28.959],[96.55,28.83],[96.581,28.764],[96.396,28.607],[96.327,28.525],[96.33,28.497],[96.326,28.469],[96.279,28.428],[96.281,28.412],[96.32,28.387],[96.366,28.367],[96.389,28.368],[96.428,28.406],[96.603,28.46],[96.653,28.45],[96.776,28.367],[96.833,28.362],[96.981,28.338],[97.075,28.369],[97.145,28.34],[97.289,28.237],[97.323,28.218],[97.31,28.155],[97.303,28.086],[97.339,28.031],[97.344,27.982],[97.335,27.938],[97.306,27.907],[97.226,27.89],[97.158,27.837],[97.05,27.76],[96.963,27.698],[96.9,27.644],[96.877,27.587],[96.884,27.515],[96.902,27.44],[97.104,27.163],[97.102,27.115],[97.038,27.102],[96.953,27.133],[96.88,27.178],[96.798,27.296],[96.732,27.332],[96.666,27.339],[96.274,27.278],[96.191,27.261],[96.061,27.217],[95.971,27.128],[95.905,27.047],[95.837,27.014],[95.738,26.95],[95.464,26.756],[95.305,26.672],[95.246,26.655],[95.235,26.791],[95.202,26.867],[95.225,26.974],[95.176,27.033],[95.261,27.049],[95.424,27.141],[95.493,27.25],[95.546,27.274],[95.644,27.23],[95.8,27.286],[95.904,27.276],[96.007,27.365],[95.978,27.45],[95.88,27.463],[95.887,27.557],[95.804,27.619],[95.776,27.717],[95.901,27.865],[95.964,27.993],[95.717,27.99],[95.544,27.902],[95.408,27.871],[95.313,27.896],[94.948,27.77],[94.798,27.701],[94.475,27.594],[94.353,27.593],[94.243,27.648],[94.243,27.526],[93.983,27.328],[93.847,27.199],[93.827,27.096],[93.695,27.006],[93.461,26.947],[93.375,26.989],[93.02,26.953],[92.815,27.051],[92.699,27.066],[92.626,27.018],[92.21,26.912],[92.073,26.921],[92.068,26.975],[92.031,27.041],[91.999,27.079],[91.992,27.1],[92.003,27.147],[92.031,27.214],[92.083,27.291],[92.045,27.365],[91.991,27.45],[91.951,27.458],[91.851,27.439],[91.743,27.443],[91.658,27.494],[91.595,27.558],[91.579,27.611],[91.598,27.677],[91.626,27.737],[91.632,27.76]]]}},{"type":"Feature","properties":{"name":"Mizoram"},"geometry":{"type":"Polygon","coordinates":[[[93.312,24.033],[93.307,24.022],[93.373,23.774],[93.415,23.682],[93.408,23.528],[93.391,23.339],[93.366,23.133],[93.349,23.085],[93.308,23.03],[93.253,23.015],[93.204,23.037],[93.164,23.032],[93.151,22.997],[93.163,22.908],[93.114,22.806],[93.079,22.718],[93.088,22.633],[93.105,22.547],[93.162,22.36],[93.162,22.292],[93.151,22.231],[93.121,22.205],[93.071,22.209],[93.043,22.184],[93.022,22.146],[92.965,22.004],[92.909,21.989],[92.854,22.01],[92.771,22.105],[92.721,22.132],[92.689,22.131],[92.675,22.106],[92.653,22.049],[92.63,22.011],[92.575,21.978],[92.561,22.048],[92.532,22.41],[92.51,22.526],[92.491,22.685],[92.464,22.734],[92.43,22.822],[92.393,22.897],[92.362,22.929],[92.341,23.07],[92.334,23.242],[92.334,23.324],[92.289,23.492],[92.246,23.684],[92.271,23.829],[92.319,23.851],[92.325,24.188],[92.298,24.238],[92.416,24.239],[92.489,24.133],[92.624,24.239],[92.631,24.295],[92.701,24.362],[92.746,24.471],[92.829,24.377],[93.018,24.399],[92.995,24.095],[93.106,24.045],[93.249,24.057],[93.312,24.033]]]}},{"type":"Feature","properties":{"name":"Tripura"},"geometry":{"type":"Polygon","coordinates":[[[92.246,23.684],[92.187,23.676],[92.152,23.722],[92.127,23.721],[92.044,23.678],[91.979,23.692],[91.93,23.686],[91.93,23.598],[91.938,23.505],[91.919,23.471],[91.79,23.361],[91.754,23.287],[91.758,23.21],[91.774,23.106],[91.751,23.054],[91.695,23.005],[91.62,22.98],[91.554,22.992],[91.511,23.034],[91.471,23.141],[91.436,23.2],[91.399,23.214],[91.371,23.198],[91.367,23.13],[91.369,23.075],[91.359,23.068],[91.339,23.077],[91.315,23.104],[91.254,23.374],[91.166,23.581],[91.16,23.661],[91.193,23.763],[91.232,23.92],[91.336,24.019],[91.35,24.06],[91.367,24.094],[91.393,24.1],[91.526,24.091],[91.571,24.107],[91.611,24.153],[91.669,24.19],[91.727,24.205],[91.773,24.211],[91.846,24.175],[91.877,24.195],[91.899,24.261],[91.931,24.326],[91.952,24.357],[92.001,24.371],[92.064,24.374],[92.085,24.386],[92.102,24.408],[92.118,24.494],[92.139,24.545],[92.222,24.5],[92.258,24.396],[92.22,24.264],[92.298,24.238],[92.325,24.188],[92.319,23.851],[92.271,23.829],[92.246,23.684]]]}},{"type":"Feature","properties":{"name":"Maharashtra"},"geometry":{"type":"Polygon","coordinates":[[[74.104,15.645],[74.095,15.643],[73.992,15.611],[73.942,15.634],[73.908,15.721],[73.808,15.775],[73.679,15.711],[73.608,15.871],[73.476,16.054],[73.454,16.152],[73.338,16.46],[73.239,17.199],[73.149,17.527],[73.156,17.622],[73.047,17.907],[72.994,18.098],[72.972,18.259],[72.943,18.366],[72.917,18.576],[72.875,18.643],[72.871,18.683],[72.899,18.779],[72.977,18.927],[73.006,19.021],[72.972,19.153],[72.901,19.015],[72.835,18.976],[72.803,19.079],[72.803,19.219],[72.795,19.252],[72.812,19.299],[72.987,19.277],[72.788,19.363],[72.764,19.413],[72.756,19.451],[72.799,19.52],[72.727,19.578],[72.697,19.757],[72.676,19.798],[72.668,19.831],[72.709,20.078],[72.947,20.127],[72.997,20.04],[73.161,20.047],[73.166,20.115],[73.243,20.139],[73.272,20.193],[73.364,20.178],[73.394,20.27],[73.361,20.369],[73.459,20.538],[73.404,20.67],[73.476,20.679],[73.7,20.562],[73.792,20.606],[73.811,20.677],[73.909,20.776],[73.903,20.884],[73.868,20.975],[73.695,21.123],[73.777,21.217],[73.8,21.281],[73.919,21.292],[73.96,21.394],[74.053,21.466],[74.109,21.452],[74.292,21.514],[74.192,21.546],[73.996,21.555],[73.821,21.508],[73.752,21.611],[73.829,21.651],[73.809,21.836],[73.918,21.867],[74.061,21.94],[74.129,21.952],[74.205,21.925],[74.284,21.945],[74.408,22.023],[74.486,21.946],[74.512,21.727],[74.708,21.611],[74.894,21.612],[75.048,21.554],[75.13,21.438],[75.312,21.381],[75.535,21.372],[75.814,21.383],[75.878,21.4],[76.083,21.368],[76.143,21.193],[76.109,21.153],[76.187,21.086],[76.287,21.075],[76.437,21.108],[76.498,21.18],[76.614,21.202],[76.654,21.251],[76.633,21.341],[76.73,21.413],[76.786,21.502],[76.794,21.577],[76.917,21.618],[77.029,21.694],[77.116,21.724],[77.219,21.701],[77.333,21.774],[77.461,21.77],[77.552,21.697],[77.555,21.542],[77.457,21.549],[77.433,21.499],[77.482,21.424],[77.578,21.384],[77.713,21.38],[77.788,21.423],[77.871,21.398],[78.029,21.438],[78.193,21.551],[78.413,21.606],[78.428,21.508],[78.514,21.527],[78.696,21.475],[78.904,21.509],[78.922,21.572],[79.216,21.655],[79.24,21.713],[79.413,21.69],[79.533,21.619],[79.552,21.55],[79.65,21.582],[79.798,21.588],[79.84,21.534],[80.005,21.548],[80.187,21.639],[80.31,21.58],[80.418,21.447],[80.626,21.326],[80.679,21.351],[80.626,21.243],[80.485,21.168],[80.435,20.999],[80.481,20.932],[80.552,20.919],[80.573,20.698],[80.503,20.633],[80.622,20.601],[80.622,20.326],[80.424,20.234],[80.426,20.146],[80.531,20.135],[80.557,20.048],[80.531,19.921],[80.425,19.893],[80.538,19.811],[80.566,19.74],[80.676,19.677],[80.713,19.593],[80.831,19.547],[80.894,19.484],[80.832,19.345],[80.717,19.263],[80.617,19.319],[80.576,19.392],[80.397,19.234],[80.367,19.117],[80.272,18.979],[80.344,18.851],[80.275,18.777],[80.27,18.714],[80.091,18.697],[80.002,18.786],[79.96,18.867],[79.934,19.053],[79.862,19.081],[79.944,19.169],[79.931,19.212],[79.965,19.402],[79.931,19.483],[79.865,19.509],[79.796,19.594],[79.735,19.603],[79.539,19.534],[79.42,19.536],[79.266,19.59],[79.198,19.462],[79.059,19.547],[79.024,19.542],[78.873,19.65],[78.848,19.725],[78.78,19.777],[78.712,19.774],[78.534,19.825],[78.478,19.799],[78.383,19.866],[78.322,19.863],[78.384,19.685],[78.333,19.643],[78.303,19.483],[78.24,19.46],[78.174,19.375],[78.168,19.264],[78.064,19.264],[77.992,19.323],[77.92,19.332],[77.855,19.228],[77.834,19.121],[77.752,19.046],[77.912,18.835],[77.839,18.81],[77.781,18.704],[77.703,18.669],[77.68,18.57],[77.592,18.548],[77.503,18.382],[77.551,18.308],[77.461,18.282],[77.347,18.352],[77.302,18.46],[77.233,18.411],[77.231,18.334],[77.118,18.254],[77.088,18.197],[76.95,18.18],[76.893,18.144],[76.885,17.974],[76.839,17.884],[76.741,17.898],[76.756,17.826],[76.676,17.707],[76.593,17.771],[76.513,17.773],[76.391,17.637],[76.322,17.618],[76.344,17.352],[76.21,17.389],[76.095,17.378],[75.936,17.326],[75.87,17.416],[75.784,17.375],[75.613,17.472],[75.553,17.366],[75.622,17.221],[75.605,17.158],[75.647,17.091],[75.617,16.975],[75.554,17.015],[75.453,16.964],[75.371,16.984],[75.256,16.959],[75.243,16.902],[75.167,16.868],[75.043,16.953],[74.96,16.951],[74.922,16.889],[74.845,16.852],[74.867,16.776],[74.685,16.708],[74.666,16.606],[74.557,16.552],[74.525,16.624],[74.43,16.644],[74.353,16.544],[74.292,16.528],[74.366,16.293],[74.452,16.254],[74.47,16.11],[74.416,16.096],[74.429,15.994],[74.354,15.873],[74.331,15.762],[74.224,15.726],[74.186,15.766],[74.104,15.645]]]}}]}